drug_id,smiles
D00448,OC(=O)C1=CC(=CC=C1O)\N=N\C1=CC=C(C=C1)S(=O)(=O)NC1=NC=CC=C1
D00037,OC(=O)CC(O)(CC(O)=O)C(O)=O
D00155,OC[C@H]1O[C@H](C[C@@H]1O)N1C=NC2=C1N=CNC[C@H]2O
D00021,N[C@@H](CC1=CC=CC=C1)C(O)=O
D01441,CN1CCN(CC2=CC=C(C=C2)C(=O)NC2=CC(NC3=NC=CC(=N3)C3=CN=CC=C3)=C(C)C=C2)CC1
D00279,CCOC(=O)C(C)(C)OC1=CC=C(Cl)C=C1
D00043,CC(C)OP(F)(=O)OC(C)C
D00160,NCCCCCC(O)=O
D00039,CC(C)[C@H](N)C(O)=O
D00065,CC[C@H](C)[C@H](N)C(O)=O
D00136,OC1(CCN(CCCC(=O)C2=CC=C(F)C=C2)CC1)C1=CC=C(Cl)C=C1
D02323,COC1=C(C2=CC=CC(C(=S)N(C)CC(O)=O)=C2C=C1)C(F)(F)F
D00107,CO[C@@H]1C[C@@H](CC[C@H]1O)\C=C(/C)[C@H]1OC(=O)[C@@H]2CCCCN2C(=O)C(=O)[C@]2(O)O[C@@H]([C@H](C[C@H]2C)OC)[C@H](C[C@@H](C)C\C(C)=C\[C@@H](CC=C)C(=O)C[C@H](O)[C@H]1C)OC
D00184,CC[C@@H]1NC(=O)[C@H]([C@H](O)[C@H](C)C\C=C\C)N(C)C(=O)[C@H](C(C)C)N(C)C(=O)[C@H](CC(C)C)N(C)C(=O)[C@H](CC(C)C)N(C)C(=O)[C@@H](C)NC(=O)[C@H](C)NC(=O)[C@H](CC(C)C)N(C)C(=O)[C@@H](NC(=O)[C@H](CC(C)C)N(C)C(=O)CN(C)C1=O)C(C)C
D01977,COC1=C(OCCCN2CCOCC2)C=C2C(NC3=CC(Cl)=C(F)C=C3)=NC=NC2=C1
D03218,CNC(=O)C1=C(SC2=CC=C3C(NN=C3\C=C\C3=CC=CC=N3)=C2)C=CC=C1
D03252,COC1=CC(NC2=C(C=NC3=CC(OCCCN4CCN(C)CC4)=C(OC)C=C23)C#N)=C(Cl)C=C1Cl
D04024,CS(=O)(=O)CCNCC1=CC=C(O1)C1=CC2=C(C=C1)N=CN=C2NC1=CC(Cl)=C(OCC2=CC(F)=CC=C2)C=C1
D00217,CC(=O)NC1=CC=C(O)C=C1
D00577,CC\C(=C(\CC)C1=CC=C(O)C=C1)C1=CC=C(O)C=C1
D03670,CC(=O)N(O)CCCCCNC(=O)CCC(=O)N(O)CCCCCNC(=O)CCC(=O)N(O)CCCCCN
D01223,CCCCCOC(=O)NC1=NC(=O)N(C=C1F)[C@@H]1O[C@H](C)[C@@H](O)[C@H]1O
D00045,NC1=C2N=CN([C@@H]3O[C@H](CO)[C@@H](O)[C@H]3O)C2=NC=N1
D02769,NC1=C2N=CN([C@@H]3O[C@H](COP(O)(O)=O)[C@@H](O)[C@H]3O)C2=NC=N1
D00900,CCOC(=O)C1=C[C@@H](OC(CC)CC)[C@H](NC(C)=O)[C@@H](N)C1
D00902,[H][C@]1(OC(=C[C@H](N=C(N)N)[C@H]1NC(C)=O)C(O)=O)[C@H](O)[C@H](O)CO
D00227,NCCN.CN1C2=C(NC=N2)C(=O)N(C)C1=O.CN1C2=C(NC=N2)C(=O)N(C)C1=O
D00231,NC1=CC(=CNC1=O)C1=CC=NC=C1
D00371,CN1C2=C(NC=N2)C(=O)N(C)C1=O
D00417,CC1=C(C=C(C#N)C(=O)N1)C1=CC=NC=C1
D00501,CN1C=NC2=C1C(=O)N(CCCCC(C)=O)C(=O)N2C
D00528,CN1C=NC2=C1C(=O)N(C)C(=O)N2C
D00691,CN1C2=C(N(CC(O)CO)C=N2)C(=O)N(C)C1=O
D01133,COC1=CC=C(C=C1)C1=NC2=CC(=CC=C2N1)C1=NNC(=O)CC1C
D01704,[H][C@@]1(CC[C@](CC1)(C#N)C1=CC(OC2CCCC2)=C(OC)C=C1)C(O)=O
D02008,[H][C@]12CC3=C(NC4=CC=CC=C34)[C@H](N1C(=O)CN(C)C2=O)C1=CC2=C(OCO2)C=C1
D02017,C[N+](C)(C)CCO.CN1C2=C([N-]C=N2)C(=O)N(C)C1=O
D03217,COC1=C(Cl)C=C(CNC2=C(C=NC(=N2)N2CCC[C@H]2CO)C(=O)NCC2=NC=CC=N2)C=C1
D00139,COC1=C2OC(=O)C=CC2=CC2=C1OC=C2
D00225,CC1=NN=C2CN=C(C3=CC=CC=C3)C3=C(C=CC(Cl)=C3)N12
D00380,CCCCNC(=O)NS(=O)(=O)C1=CC=C(C)C=C1
D00394,CC(CN(C)C)CN1C2=CC=CC=C2CCC2=CC=CC=C12
D00410,CC(C)(C(=O)C1=CN=CC=C1)C1=CC=CN=C1
D00437,COC(=O)C1=C(C)NC(C)=C(C1C1=CC=CC=C1[N+]([O-])=O)C(=O)OC
D00542,[H]C(Cl)(Br)C(F)(F)F
D00574,CCC1(CCC(=O)NC1=O)C1=CC=C(N)C=C1
D01071,CN1C(=O)NC(=O)C(C)(C1=O)C1=CCCCC1
D02335,CC1=CC(=O)C2=CC=CC=C2C1=O
D00218,CC(=O)NC1=NN=C(S1)S(N)(=O)=O
D00340,NS(=O)(=O)C1=C(Cl)C=C2NCNS(=O)(=O)C2=C1
D00518,NS(=O)(=O)C1=CC(=C(Cl)C(Cl)=C1)S(N)(=O)=O
D00519,NS(=O)(=O)C1=C(Cl)C=C2NC=NS(=O)(=O)C2=C1
D00538,NS(=O)(=O)CC1=NOC2=CC=CC=C12
D00652,CCN[C@H]1CN(CCCOC)S(=O)(=O)C2=C1C=C(S2)S(N)(=O)=O
D00655,CN1N=C(S\C1=N\C(C)=O)S(N)(=O)=O
D01346,OC(=O)C1=CC=C(NC(=O)[C@H](CC2=CC=C(O)C=C2)NC(=O)C2=CC=CC=C2)C=C1
D02756,CC[C@@]1(O)C[C@H](O[C@H]2C[C@@H]([C@H](O[C@H]3C[C@H](O)[C@H](O[C@H]4CCC(=O)[C@H](C)O4)[C@H](C)O3)[C@H](C)O2)N(C)C)C2=C(O)C3=C(C=C2[C@H]1C(=O)OC)C(=O)C1=C(C(O)=CC=C1)C3=O
D04031,CC[C@@]1(O)C(=O)OCC2=C1C=C1N(CC3=C1N=C1C=CC=C(C1=C3)[N+]([O-])=O)C2=O
D02356,COC1=C(OC)C=C(CCN(C)CCCC(C#N)(C(C)C)C2=CC(OC)=C(OC)C=C2)C=C1
D00781,CCN(CC)C(=O)C(=C\C1=CC(=C(O)C(O)=C1)[N+]([O-])=O)\C#N
D00786,CC1=CC=C(C=C1)C(=O)C1=CC(=C(O)C(O)=C1)[N+]([O-])=O
D00423,NC(=O)C1=NN(C=N1)[C@@H]1O[C@H](CO)[C@@H](O)[C@H]1O
D00052,OC(=O)CN(CCN(CC(O)=O)CC(O)=O)CC(O)=O
D02176,C[N+](C)(C)C[C@H](O)CC([O-])=O
D03798,OC1=C(CC2=C(O)C3=C(OC2=O)C=CC=C3)C(=O)OC2=C1C=CC=C2
D03736,CC1=CC=C(C=C1)N1N=C(C=C1NC(=O)NC1=CC=C(OCCN2CCOCC2)C2=C1C=CC=C2)C(C)(C)C
D00584,FC1=CNC(=O)NC1=O
D00569,CCOC1=CC=C(NC(C)=O)C=C1
D00771,ClC1=CC2=C(OC(=O)N2)C=C1
D00960,CC(C)(C#N)C1=CC(=CC(CN2C=NC=N2)=C1)C(C)(C)C#N
D00964,N#CC1=CC=C(C=C1)C(N1C=NC=N1)C1=CC=C(C=C1)C#N
D01425,CC(C)[C@H](N1CCCNC1=O)C(=O)N[C@H](C[C@H](O)[C@H](CC1=CC=CC=C1)NC(=O)COC1=C(C)C=CC=C1C)CC1=CC=CC=C1
D00283,CN1CCN(CC1)C1=NC2=CC(Cl)=CC=C2NC2=CC=CC=C12
D00454,CN1CCN(CC1)C1=NC2=CC=CC=C2NC2=C1C=C(C)S2
D00563,CN1CCN2C(C1)C1=CC=CC=C1CC1=C2N=CC=C1
D03365,CN1CCC[C@H]1C1=CN=CC=C1
D00293,CN1C2=C(C=C(Cl)C=C2)C(=NCC1=O)C1=CC=CC=C1
D00322,OC(CN1C=NC=N1)(CN1C=NC=N1)C1=C(F)C=C(F)C=C1
D00512,O=C1NC(=O)C(N1)(C1=CC=CC=C1)C1=CC=CC=C1
D00533,NC(=O)N1C2=CC=CC=C2CC(=O)C2=C1C=CC=C2
D00536,NC(=O)OCC(COC(N)=O)C1=CC=CC=C1
D00882,ClC1=CC(Cl)=C(COC(CN2C=CN=C2)C2=C(Cl)C=C(Cl)C=C2)C=C1
D05353,COC1=C(OC)C(CS(=O)C2=NC3=C(N2)C=C(OC(F)F)C=C3)=NC=C1
D00252,NC(=O)N1C2=CC=CC=C2C=CC2=CC=CC=C12
D00596,CN(CCOC1=CC=C(CC2SC(=O)NC2=O)C=C1)C1=CC=CC=N1
D05341,CCCCCCCCCCCCCCCC(O)=O
D00126,CC(C)CC1=CC=C(C=C1)C(C)C(O)=O
D00567,CC1=CC=C(C=C1)C1=CC(=NN1C1=CC=C(C=C1)S(N)(=O)=O)C(F)(F)F
D00593,CCC1=C(C)CN(C(=O)NCCC2=CC=C(C=C2)S(=O)(=O)NC(=O)N[C@H]2CC[C@H](C)CC2)C1=O
D00234,COC1=CC=C(CCN2CCC(CC2)NC2=NC3=CC=CC=C3N2CC2=CC=C(F)C=C2)C=C1
D00274,CO[C@H]1CN(CCCOC2=CC=C(F)C=C2)CC[C@H]1NC(=O)C1=CC(Cl)=C(N)C=C1OC
D00300,CN(C)CCOC(C1=CC=CC=C1)C1=CC=CC=C1
D00503,OCCN1CCN(CCCN2C3=CC=CC=C3SC3=C2C=C(Cl)C=C3)CC1
D00521,CC(C)(C)C1=CC=C(C=C1)C(O)CCCN1CCC(CC1)C(O)(C1=CC=CC=C1)C1=CC=CC=C1
D01164,ClC1=CC=CC(N2CCN(CCCCOC3=CC4=C(CCC(=O)N4)C=C3)CC2)=C1Cl
D02342,CC(C)NCC(O)COC1=CC=C(COCCOC(C)C)C=C1
D02671,CN1CCCCC1CCN1C2=C(SC3=C1C=C(C=C3)S(C)=O)C=CC=C2
D00131,CCN(CC)C(=S)SSC(=S)N(CC)CC
D00543,FC(F)OC(F)(F)C(F)Cl
D00544,COC(F)(F)C(Cl)Cl
D00547,FCOC(C(F)(F)F)C(F)(F)F
D00364,CCOC(=O)N1CCC(CC1)=C1C2=C(CCC3=C1N=CC=C3)C=C(Cl)C=C2
D00387,CC1=NN=C2CN=C(C3=CC=CC=C3Cl)C3=C(C=CC(Cl)=C3)N12
D00434,[H][C@]12[C@H](C[C@@H](C)C=C1C=C[C@H](C)[C@@H]2CC[C@@H]1C[C@@H](O)CC(=O)O1)OC(=O)C(C)(C)CC
D00550,CC1=NC=C2CN=C(C3=CC=CC=C3F)C3=C(C=CC(Cl)=C3)N12
D00153,[H][C@@]12CCC3=CC(=O)C=C[C@]3(C)[C@@]1([H])CC[C@]1(C)OC(=O)CC[C@@]21[H]
D00963,[H][C@@]12CCC(=O)[C@@]1(C)CC[C@@]1([H])[C@@]2([H])CC(=C)C2=CC(=O)C=C[C@]12C
D00188,CC(C)CCC[C@@H](C)[C@@]1([H])CC[C@@]2([H])\C(CCC[C@]12C)=C\C=C1\C[C@@H](O)CCC1=C
D00129,C[C@H](CCCC(C)(C)O)[C@@]1([H])CC[C@@]2([H])\C(CCC[C@]12C)=C\C=C1\C[C@@H](O)C[C@H](O)C1=C
D00187,CC(C)[C@@H](C)\C=C\[C@@H](C)[C@@]1([H])CC[C@@]2([H])\C(CCC[C@]12C)=C\C=C1\C[C@@H](O)CCC1=C
D02556,C[C@@H](C1=NC(=CS1)C1=CC=C(C=C1)C#N)[C@](O)(CN1C=NC=N1)C1=CC=C(F)C=C1F
D00005,CC1=CC2=C(C=C1C)N(C[C@H](O)[C@H](O)[C@H](O)CO[P@](O)(=O)O[P@@](O)(=O)OC[C@H]1O[C@H]([C@H](O)[C@@H]1O)N1C=NC3=C1N=CN=C3N)C1=NC(=O)NC(=O)C1=N2
D00038,OC(=O)C1=CC=CC=C1
D02368,NC1=NC(=O)N(C=C1)[C@@H]1O[C@H](CO)[C@@H](O)C1(F)F
D00198,[H][C@]12C[C@@H](OC(=O)C=CC3=CC(OC)=C(OC)C(OC)=C3)[C@H](OC)[C@@H](C(=O)OC)[C@@]1([H])C[C@@]1([H])N(CCC3=C1NC1=C3C=CC(OC)=C1)C2
D00251,C[C@H](CS)C(=O)N1CCC[C@H]1C(O)=O
D00362,NCCCC[C@H](N[C@@H](CCC1=CC=CC=C1)C(O)=O)C(=O)N1CCC[C@H]1C(O)=O
D00383,[H][C@@]12C[C@H](N(C(=O)[C@H](C)N[C@@H](CCC3=CC=CC=C3)C(=O)OCC)[C@@]1([H])CCCC2)C(O)=O
D00421,[H][C@@]12CCC[C@]1([H])N([C@@H](C2)C(O)=O)C(=O)[C@H](C)N[C@@H](CCC1=CC=CC=C1)C(=O)OCC
D03077,[H][C@@]1(CCC2=CC=CC=C2N(CC(O)=O)C1=O)N[C@@H](CCC1=CC=CC=C1)C(O)=O
D03752,CCOC(=O)[C@H](CCC1=CC=CC=C1)N[C@@H](C)C(=O)N1CC2=CC=CC=C2C[C@H]1C(O)=O
D03753,[H][C@]12C[C@H](N(C(=O)[C@H](C)N[C@@H](CCC)C(=O)OCC)[C@@]1([H])CCCC2)C(O)=O
D03769,[H][C@@](C)(N[C@@]([H])(CCC1=CC=CC=C1)C(O)=O)C(=O)N1CCC[C@@]1([H])C(O)=O
D03772,[H][C@]1(C[C@H](N(C1)C(=O)CP(O)(=O)CCCCC1=CC=CC=C1)C(O)=O)C1CCCCC1
D00142,CN(CC1=CN=C2N=C(N)N=C(N)C2=N1)C1=CC=C(C=C1)C(=O)N[C@@H](CCC(O)=O)C(O)=O
D00145,COC1=CC(CC2=CN=C(N)N=C2N)=CC(OC)=C1OC
D00488,CCC1=C(C(N)=NC(N)=N1)C1=CC=C(Cl)C=C1
D06238,COC1=CC(NCC2=C(C)C3=C(C=C2)N=C(N)N=C3N)=CC(OC)=C1OC
D00055,OC(=O)C1=CC(=O)NC(=O)N1
D00749,CC1=C(C=NO1)C(=O)NC1=CC=C(C=C1)C(F)(F)F
D00208,[H][C@]12CN3C4=C([C@@H](COC(N)=O)[C@@]3(OC)[C@@]1([H])N2)C(=O)C(N)=C(C)C4=O
D00401,CN1C=CNC1=S
D00562,CCCC1=CC(=O)NC(=S)N1
D00332,NCC1(CC(O)=O)CCCCC1
D00535,NC(CCC(O)=O)C=C
D00027,O=C1NC=CC(=O)N1
D00369,N[C@@H](CC1=CC=C(C=C1)N(CCCl)CCCl)C(O)=O
D00035,OC(=O)[C@@H]1CCCN1
D01828,CC(C)C1=CC2=C(OC3=NC(N)=C(C=C3C2=O)C(O)=O)C=C1
D00270,CN(C)CCCN1C2=CC=CC=C2SC2=C1C=C(Cl)C=C2
D00494,CC(CN1C2=CC=CC=C2SC2=CC=CC=C12)N(C)C
D00560,FC1=CC=C(C=C1)C(CCCN1CCC(CC1)N1C(=O)NC2=CC=CC=C12)C1=CC=C(F)C=C1
D00733,CCCCOC1=NC2=CC=CC=C2C(=C1)C(=O)NCCN(CC)CC
D00094,C\C(\C=C\C1=C(C)CCCC1(C)C)=C/C=C/C(/C)=C/C(O)=O
D01968,OC(CN1C=CN=C1)(P(O)(O)=O)P(O)(O)=O
D00753,[H][C@@]1(C[C@@H](C)[C@]2([H])CC(=O)[C@H](C)\C=C(C)\[C@@H](O)[C@@H](OC)C(=O)[C@H](C)C[C@H](C)\C=C\C=C\C=C(C)\[C@H](C[C@]3([H])CC[C@@H](C)[C@@](O)(O3)C(=O)C(=O)N3CCCC[C@@]3([H])C(=O)O2)OC)CC[C@@H](O)[C@@H](C1)OC
D00451,CNS(=O)(=O)CC1=CC=C2NC=C(CCN(C)C)C2=C1
D00513,CC(C)NCC(O)COC1=CC=CC2=C1C=CN2
D00726,CCN(CC)CCNC(=O)C1=CC(Cl)=C(N)C=C1OC
D00120,CC1=C(CC(O)=O)C2=CC(F)=CC=C2\C1=C/C1=CC=C(C=C1)S(C)=O
D00049,OC(=O)C1=CN=CC=C1
D00070,NC1=NC(=O)C2=NC(CNC3=CC=C(C=C3)C(=O)N[C@@H](CCC(O)=O)C(O)=O)=CN=C2N1
D00097,OC(=O)C1=CC=CC=C1O
D00118,COC1=CC2=C(C=C1)C=C(C=C2)[C@H](C)C(O)=O
D00132,CC(C(O)=O)C1=CC(=CC=C1)C(=O)C1=CC=CC=C1
D00141,COC1=CC2=C(C=C1)N(C(=O)C1=CC=C(Cl)C=C1)C(C)=C2CC(O)=O
D00510,CCCCC1C(=O)N(N(C1=O)C1=CC=CC=C1)C1=CC=CC=C1
D01332,CN1CCC(CC1)=C1C2=C(SC=C2)C(=O)CC2=CC=CC=C12
D00377,NC1=CC(C(O)=O)=C(O)C=C1
D00414,CC(N(O)C(N)=O)C1=CC2=CC=CC=C2S1
D00216,[H]C(=O)[C@H](O)[C@@H](O)[C@]([H])(O[C@@]1([H])O[C@H](CO)[C@@]([H])(O[C@H]2O[C@H](C)[C@@H](N[C@@]3([H])C=C(CO)[C@@H](O)[C@H](O)[C@H]3O)[C@H](O)[C@H]2O)[C@H](O)[C@H]1O)[C@H](O)CO
D00625,OCCN1C[C@H](O)[C@@H](O)[C@H](O)[C@H]1CO
D01665,OCC(CO)N[C@H]1C[C@](O)(CO)[C@@H](O)[C@H](O)[C@H]1O
D02315,CCCCCCCC\C=C\CCCCCCCC(O)=O
D00148,CC(C)CCC[C@@H](C)CCC[C@@H](C)CCC\C(C)=C\CC1=C(C)C(=O)C2=C(C=CC=C2)C1=O
D00545,FC(F)OC(Cl)C(F)(F)F
D00546,FC(F)OC(F)C(F)(F)F
D00007,N[C@@H](CCC(O)=O)C(O)=O
D00203,[H][C@]12C[C@@H](O[C@@H]3O[C@H](C)[C@@H](O)[C@H](N)[C@@H]3O)\C=C\C=C\C=C\C=C\C=C\C=C\C=C\[C@H](C)[C@@H](O)[C@@H](C)[C@H](C)OC(=O)C[C@H](O)C[C@H](O)CC[C@@H](O)[C@H](O)C[C@H](O)C[C@](O)(C[C@H](O)[C@H]1C(O)=O)O2
D00222,NC1=NC(=O)C2=C(N1)N(COCCO)C=N2
D00317,CC(=O)OCC(CCN1C=NC2=CN=C(N)N=C12)COC(C)=O
D00884,[H][C@@]12C[C@H](O)C[C@]3(O)C[C@H](O)[C@@H](C(O)=O)[C@]([H])(C[C@@H](O[C@]4([H])O[C@H](C)[C@@H](O)[C@H](N)[C@@H]4O)\C=C\C=C\C=C\C=C\C[C@@H](C)OC(=O)\C=C\[C@@]1([H])O2)O3
D00014,N[C@@H](CCC(=O)N[C@@H](CS)C(=O)NCC(O)=O)C(O)=O
D00333,NC1=NC2=C(N=CN2COC(CO)CO)C(=O)N1
D00342,OC[C@H]1O[C@H](C[C@@H]1O)N1C=C(I)C(=O)NC1=O
D00391,OC[C@H]1O[C@H](C[C@@H]1O)N1C=C(C(=O)NC1=O)C(F)(F)F
D00398,CC(C)[C@H](N)C(=O)OCCOCN1C=NC2=C1NC(N)=NC2=O
D05407,NC1=NC(=O)C2=C(N1)N(CCC(CO)CO)C=N2
D00032,N[C@@H](CC1=CNC=N1)C(O)=O
D00029,[H][C@]12CS[C@@H](CCCCC(O)=O)[C@@]1([H])NC(=O)N2
D00359,[H][C@]12[C@H](C[C@@H](C)C=C1C=C[C@H](C)[C@@H]2CC[C@@H]1C[C@@H](O)CC(=O)O1)OC(=O)[C@@H](C)CC
D01862,O[C@H](C[C@H](O)\C=C\C1=C(N=C2C=CC=CC2=C1C1=CC=C(F)C=C1)C1CC1)CC(O)=O
D01027,[N+]1=2[Co-3]345([N+]6=C7[C@H]([C@@](CC(=O)N)(C)[C@@]6([C@@]6(N3C(=C(C)C3=[N+]4C(C(C)(C)[C@@H]3CCC(=O)N)=CC3=[N+]5C(=C7C)[C@@](CC(=O)N)([C@@H]3CCC(=O)N)C)[C@@](C)([C@H]6CC(=O)N)CCC(NC[C@@H](C)OP(=O)(O[C@@H]3[C@H](O[C@H](N(C4=CC(=C(C=C14)C)C)C=2)[C@@H]3O)CO)[O-])=O)[H])C)CCC(=O)N)O[H]
D01180,[H][C@@]12CC[C@H](O)[C@@]1(C)CC[C@@]1([H])[C@@]2([H])CC[C@@]23O[C@@H]2C(O)=C(C[C@]13C)C#N
D00752,COC1=C(C\C=C(/C)CCC(=O)OCCN2CCOCC2)C(O)=C2C(=O)OCC2=C1C
D04966,CN(C)C(=N)NC(N)=N
D02304,NCCCC[C@H](N)C(O)=O
D00947,CC(=O)NC[C@H]1CN(C(=O)O1)C1=CC(F)=C(C=C1)N1CCOCC1
D02559,CC1=CC(=CC=C1)N1CC(CO)OC1=O
D02560,COC1=CC2=C(OC(=C2)C2CCNCC2)C(Br)=C1
D02561,ClC1=CC=C(C=C1)C(=O)NCCN1CCOCC1
D02579,CC(C)NNC(=O)C1=CC=NC=C1
D02580,CC1=CC(=NO1)C(=O)NNCC1=CC=CC=C1
D03731,C[C@H](CC1=CC=CC=C1)N(C)CC#C
D04092,CCC(N)CC1=CNC2=CC=CC=C12
D05458,CC(C)(N)CC1=CC=CC=C1
D04983,CSCCC(N)C(O)=O
D02308,OC(=O)\C=C\C(O)=O
D00196,[H][C@]12N(C)CC[C@@]1(C)C1=C(C=CC(OC(=O)NC)=C1)N2C
D00487,CN(C)C(=O)OC1=C[N+](C)=CC=C1
D00667,CN(CCCCCCCCCCN(C)C(=O)OC1=CC=CC(=C1)[N+](C)(C)C)C(=O)OC1=CC=CC(=C1)[N+](C)(C)C
D00670,COC1=C(OC)C=C2C(=O)C(CC3CCN(CC4=CC=CC=C4)CC3)CC2=C1
D00805,COP(=O)(OC)C(O)C(Cl)(Cl)Cl
D02193,CCOP(=O)(OCC)SCC[N+](C)(C)C
D03822,CCN(C)C(=O)OC1=CC=CC(=C1)[C@H](C)N(C)C
D04292,[H][C@]12C[C@@H](O)C=C[C@]11CCN(C)CC3=C1C(O2)=C(OC)C=C3
D00298,[H][C@]12CC[C@]3([H])[C@]([H])(C[C@@H](O)[C@]4(C)[C@H](CC[C@]34O)C3=CC(=O)OC3)[C@@]1(C)CC[C@@H](C2)O[C@H]1C[C@H](O)[C@H](O[C@H]2C[C@H](O)[C@H](O[C@H]3C[C@H](O)[C@H](O)[C@@H](C)O3)[C@@H](C)O2)[C@@H](C)O1
D00654,NS(=O)(=O)C1=CC2=C(NCNS2(=O)=O)C=C1C(F)(F)F
D00656,CN1C(CCl)NC2=CC(Cl)=C(C=C2S1(=O)=O)S(N)(=O)=O
D00658,NS(=O)(=O)C1=C(Cl)C=C2NC(NS(=O)(=O)C2=C1)C(Cl)Cl
D01240,C[C@H]1O[C@H](C[C@H](O)[C@@H]1O[C@H]1C[C@H](O)[C@H](O[C@H]2C[C@H](O)[C@H](O[C@@H]3O[C@H](CO)[C@@H](O)[C@H](O)[C@H]3O)[C@@H](C)O2)[C@@H](C)O1)O[C@H]1CC[C@@]2(C)[C@H](CC[C@@H]3[C@@H]2C[C@@H](O)[C@]2(C)[C@H](CC[C@]32O)C2=CC(=O)OC2)C1
D00054,OC[C@H]1O[C@H]([C@H](O)[C@@H]1O)N1C=NC2=C1NC=NC2=O
D01370,NC1=C2N=CN([C@H]3C[C@H](O)[C@@H](CO)O3)C2=NC(Cl)=N1
D00515,[O-][N+](=O)OCC(CO[N+]([O-])=O)O[N+]([O-])=O
D00516,[H][C@]12OC[C@H](O[N+]([O-])=O)[C@@]1([H])OC[C@H]2O[N+]([O-])=O
D00630,[H][C@]12OC[C@@H](O[N+]([O-])=O)[C@@]1([H])OC[C@@H]2O
D00475,CCCN(CCC)S(=O)(=O)C1=CC=C(C=C1)C(O)=O
D00455,COC1=CC2=C(C=C1)N=C(N2)S(=O)CC1=NC=C(C)C(OC)=C1C
D00018,[H][C@@]1(OC(=O)C(O)=C1O)[C@@H](O)CO
D02566,CNCCCC12CCC(C3=CC=CC=C13)C1=CC=CC=C21
D00041,C[C@@H](O)[C@H](N)C(O)=O
D00185,[H][C@@]12C[C@@H](O)[C@H](O)[C@@]1(C)CC[C@]1([H])C3=C(CC[C@@]21[H])C=C(O)C=C3
D00530,CCN(C(C)=O)C1=CC=CC(=C1)C1=CC=NC2=C(C=NN12)C#N
D00549,CC(C)C1=CC=CC(C(C)C)=C1O
D00219,CC(=O)C1=CC=C(C=C1)S(=O)(=O)NC(=O)NC1CCCCC1
D00086,OC(=O)CCCC[C@@H]1CCSS1
D00325,[H][C@@]12C[C@@]3([H])[C@]4([H])C[C@H](F)C5=CC(=O)C=C[C@]5(C)[C@@]4(F)[C@@H](O)C[C@]3(C)[C@@]1(OC(C)(C)O2)C(=O)COC(C)=O
D00328,CC1(C)O[C@@H]2C[C@H]3[C@@H]4C[C@H](F)C5=CC(=O)CC[C@]5(C)[C@H]4[C@@H](O)C[C@]3(C)[C@@]2(O1)C(=O)CO
D01367,[H][C@@]12CC[C@](O)(C(C)=O)[C@@]1(C)C[C@H](O)[C@@]1(F)[C@@]2([H])C[C@H](C)C2=CC(=O)C=C[C@]12C
D01825,[H][C@@]12C[C@@]3([H])[C@]4([H])C[C@H](F)C5=CC(=O)C=C[C@]5(C)[C@@]4(F)[C@@H](O)C[C@]3(C)[C@@]1(OC(C)(C)O2)C(=O)CO
D02289,[H][C@@]12CC[C@H](C(C)=O)[C@@]1(C)C[C@H](O)[C@@]1([H])[C@@]2([H])C[C@H](C)C2=CC(=O)CC[C@]12C
D01136,NC[C@H]1CC[C@@H](CC1)C(O)=O
D01907,NC1=NC(F)=NC2=C1N=CN2[C@@H]1O[C@H](CO)[C@@H](O)[C@@H]1O
D00168,NC1=NC(=O)N(C=C1)[C@@H]1O[C@H](CO)[C@@H](O)[C@@H]1O
D00965,CC1(C)NC(=O)N(C1=O)C1=CC(=C(C=C1)[N+]([O-])=O)C(F)(F)F
D00050,CC1=C(C)C=C2N(C[C@H](O)[C@H](O)[C@H](O)CO)C3=NC(=O)NC(=O)C3=NC2=C1
D00109,CC(=O)OC1=CC=CC=C1C(O)=O
D00127,CN1C(C(=O)NC2=NC=CC=C2)=C(O)C2=C(C=CC=C2)S1(=O)=O
D00130,OC(=O)C1=C(O)C=CC(=C1)C1=C(F)C=C(F)C=C1
D00151,CC1=C(C)C(NC2=CC=CC=C2C(O)=O)=CC=C1
D00315,CCC1=C2NC3=C(CCOC3(CC)CC(O)=O)C2=CC=C1
D00330,CC(C(O)=O)C1=CC(F)=C(C=C1)C1=CC=CC=C1
D00425,COC1=CC2=C(C=C1)C=C(CCC(C)=O)C=C2
D00452,CC(C(O)=O)C1=CC=C(C=C1)C(=O)C1=CC=CS1
D00463,OC(=O)CCC1=NC(=C(O1)C1=CC=CC=C1)C1=CC=CC=C1
D00568,CS(=O)(=O)C1=CC=C(C=C1)C1=C(C(=O)OC1)C1=CC=CC=C1
D00810,C[N+](C)(C)CCO.OC1=CC=CC=C1C([O-])=O
D00968,CC(C(O)=O)C1=CC(OC2=CC=CC=C2)=CC=C1
D00969,CN1C(C(=O)NC2=NC=C(C)S2)=C(O)C2=C(C=CC=C2)S1(=O)=O
D01183,CC1=C(Cl)C=CC=C1NC1=CC=CC=C1C(O)=O
D01513,CC(C(O)=O)C1=CC=C(NCC(C)=C)C=C1
D01547,CC(C(O)=O)C1=CC=C2SC3=C(C=CC=C3)C(=O)CC2=C1
D01582,COC1=CC2=C(C=C1)N(C(=O)C1=CC=C(Cl)C=C1)C(C)=C2CC(=O)OCC(O)=O
D01767,CN1C(C(=O)NC2=CC=CC=N2)=C(O)C2=C(C=CS2)S1(=O)=O
D01811,NC(=O)C1=CC=CC=C1O
D01866,CN1C(C(=O)NC2=CC=CC=N2)=C(O)C2=C(C=C(Cl)S2)S1(=O)=O
D02341,CC1=C(Cl)C(NC2=CC=CC=C2C(O)=O)=C(Cl)C=C1
D02709,CCC(=O)NS(=O)(=O)C1=CC=C(C=C1)C1=C(C)ON=C1C1=CC=CC=C1
D03689,COC1=C(F)C=C(C=C1)C1=CC(=NN1C1=CC=C(C=C1)S(N)(=O)=O)C(F)F
D03710,CC1=NC=C(C=C1)C1=C(C=C(Cl)C=N1)C1=CC=C(C=C1)S(C)(=O)=O
D03712,CC1(C)OC(=O)C(OCC2CC2)=C1C1=CC=C(C=C1)S(C)(=O)=O
D03714,CC1=CC=C(NC2=C(Cl)C=CC=C2F)C(CC(O)=O)=C1
D00449,O=C1C(CCS(=O)C2=CC=CC=C2)C(=O)N(N1C1=CC=CC=C1)C1=CC=CC=C1
D01118,CCN(CC)C(C)CN1C2=CC=CC=C2SC2=CC=CC=C12
D03208,COCCCOC1=C(OC)C=CC(C[C@@H](C[C@H](N)[C@@H](O)C[C@@H](C(C)C)C(=O)NCC(C)(C)C(N)=O)C(C)C)=C1
D03738,COC1=CC=C(C[C@H](NC(=O)CC(C)(C)N)C(=O)N[C@@H](CC2=CN=CN2)C(=O)N[C@@H](CC2CCCCC2)[C@@H](O)[C@@H](O)CC(C)C)C=C1
D01966,[H][C@]1(CC[C@H](O)C2=CC=C(F)C=C2)C(=O)N(C2=CC=C(F)C=C2)[C@]1([H])C1=CC=C(O)C=C1
D02375,CN(C\C=C\C#CC(C)(C)C)CC1=CC=CC2=CC=CC=C12
D03034,OC(=O)CCCCCCCC(O)=O
D00418,NC1=CC(=NC(N)=[N+]1[O-])N1CCCCC1
D00036,NC(=O)C1=CC=CN=C1
D00579,OC(=O)P(O)(O)=O
D00762,C[C@](N)(CC1=CC=C(O)C=C1)C(O)=O
D00125,[H][C@]12COC(=O)[C@]1([H])[C@H](C1=CC(OC)=C(O)C(OC)=C1)C1=CC3=C(OCO3)C=C1[C@H]2O[C@@H]1O[C@]2([H])CO[C@@H](C)O[C@@]2([H])[C@H](O)[C@H]1O
D00183,CCN1C=C(C(O)=O)C(=O)C2=C1N=C(C)C=C2
D00186,OC(=O)C1=CN(C2CC2)C2=CC(N3CCNCC3)=C(F)C=C2C1=O
D01885,[H][C@]1(N)C[C@]([H])(O[C@@]2([H])C[C@@](O)(CC3=C(O)C4=C(C(O)=C23)C(=O)C2=C(C=CC=C2OC)C4=O)C(=O)CO)O[C@@]([H])(C)[C@@]1([H])O[C@]1([H])CCCCO1
D02321,COC1=C(NC2=C3C=CC=CC3=NC3=CC=CC=C23)C=CC(NS(C)(=O)=O)=C1
D02698,[H][C@]12COC(=O)[C@]1([H])[C@H](C1=CC(OC)=C(O)C(OC)=C1)C1=C(C=C3OCOC3=C1)[C@H]2O[C@]1([H])O[C@]2([H])CO[C@H](O[C@@]2([H])[C@H](O)[C@H]1O)C1=CC=CS1
D03899,COC1=CC=CC2=C1C(=O)C1=C(O)C3=C(C[C@](O)(C[C@@H]3O[C@H]3C[C@H](N)[C@H](O)[C@H](C)O3)C(=O)CO)C(O)=C1C2=O
D01064,CN(CC1=CC2=C(NC(C)=NC2=O)C=C1)C1=CC=C(S1)C(=O)N[C@@H](CCC(O)=O)C(O)=O
D04197,OC[C@H]1O[C@H](C[C@@H]1O)N1C=C(F)C(=O)NC1=O
D00224,OC1=NC=NC2=C1C=NN2
D00294,CC1=NS(=O)(=O)C2=C(N1)C=CC(Cl)=C2
D00650,NS(=O)(=O)C1=CC2=C(NC(CC3=CC=CC=C3)NS2(=O)=O)C=C1C(F)(F)F
D00651,NS(=O)(=O)C1=CC2=C(C=C1Cl)N=C(CSCC1=CC=CC=C1)NS2(=O)=O
D00703,NC(=O)OC1(CCCCC1)C#C
D00709,CC[C@H](N1CCCC1=O)C(N)=O
D01256,NS(=O)(=O)C1=C(Cl)C=C2NC(NS(=O)(=O)C2=C1)C1CC2CC1C=C2
D02441,CCOC1=CC2=C(C=C1)N=C(S2)S(N)(=O)=O
D00537,[H][C@@]12CO[C@@]3(COS(N)(=O)=O)OC(C)(C)O[C@@]3([H])[C@]1([H])OC(C)(C)O2
D00496,[H][C@](N)(C(O)=O)C(C)(C)S
D00618,COC(=O)C1=C(C)NC(C)=C(C1C1=CC=CC=C1[N+]([O-])=O)C(=O)OCC(C)C
D00629,CCOC(=O)C1=C(C)NC(C)=C(C1C1=CC(=CC=C1)[N+]([O-])=O)C(=O)OC
D01295,C(C=CC1=CC=CC=C1)N1CCN(CC1)C(C1=CC=CC=C1)C1=CC=CC=C1
D00336,COC1=C(C=C(Cl)C=C1)C(=O)NCCC1=CC=C(C=C1)S(=O)(=O)NC(=O)NC1CCCCC1
D00110,[H][C@]12CC[C@]([H])([C@H]([C@H](C1)OC(=O)C1=CC=CC=C1)C(=O)OC)N2C
D03580,[H][C@]12C=C[C@H](O)[C@@H]3OC4=C5C(C[C@H]1N(C)CC[C@@]235)=CC=C4OC
D00499,CCCC(C)C1(CC)C(=O)NC(=O)NC1=O
D00524,C[N+](C)(C)CCOC(N)=O
D00760,COC1=CC(CC2C3=C(OC)C(OC)=C(OC)C=C3CC[N+]2(C)CCCOC(=O)CCC(=O)OCCC[N+]2(C)CCC3=CC(OC)=C(OC)C(OC)=C3C2CC2=CC(OC)=C(OC)C(OC)=C2)=CC(OC)=C1OC
D00761,[I-].[I-].[H][C@@]12CC3=CC=C(OC4=C5C(CC[N+](C)(C)[C@]5([H])CC5=CC(OC6=C(OC)C=C(CC[N+]1(C)C)C2=C6)=C(OC)C=C5)=CC(OC)=C4OC)C=C3
D00765,[H][C@@]12C[C@@H]([C@H](OC(C)=O)[C@@]1(C)CC[C@@]1([H])[C@@]2([H])CC[C@@]2([H])C[C@H](O)[C@H](C[C@]12C)N1CCOCC1)[N+]1(CC=C)CCCC1
D00779,OC(CCN1CCCCC1)(C1CC2CC1C=C2)C1=CC=CC=C1
D03742,[H][C@]12CCCC[C@]11CCN(C)[C@H]2CC2=C1C=C(OC)C=C2
D00775,NC1=NC2=C(S1)C=C(OC(F)(F)F)C=C2
D04790,[H][C@@]12CC(=O)[C@H](CCCCCCC(O)=O)[C@@]1([H])CC[C@@](O)(O2)C(F)(F)CCCC
D00329,CCN(CC)CCN1C2=C(C=C(Cl)C=C2)C(=NCC1=O)C1=CC=CC=C1F
D00331,NS(=O)(=O)C1=C(Cl)C=C(NCC2=CC=CO2)C(=C1)C(O)=O
D00338,FC(F)(F)CN1C2=C(C=C(Cl)C=C2)C(=NCC1=O)C1=CC=CC=C1
D00464,OC1N=C(C2=CC=CC=C2)C2=C(NC1=O)C=CC(Cl)=C2
D00474,CCC1(C(=O)NCNC1=O)C1=CC=CC=C1
D00548,CCOC(=O)C1=CN=CN1[C@H](C)C1=CC=CC=C1
D00694,OC(=O)C1N=C(C2=CC=CC=C2)C2=C(NC1=O)C=CC(Cl)=C2
D00697,CCOC(=O)C1=C2CN(C)C(=O)C3=C(C=CC(F)=C3)N2C=N1
D00704,CCC(O)(\C=C\Cl)C#C
D01253,CN1C2=C(C=C(Cl)C=C2)N(C2=CC=CC=C2)C(=O)CC1=O
D03180,CCC(C)C1(CC)C(=O)NC(=O)NC1=O
D04985,CCC#CC(C)C1(CC=C)C(=O)NC(=O)N(C)C1=O
D06106,CCCC(C)C1(CC=C)C(=O)NC(=S)NC1=O
D00647,CN(CCOC1=CC=C(NS(C)(=O)=O)C=C1)CCC1=CC=C(NS(C)(=O)=O)C=C1
D00456,CN1C2=C(C3=CC=CC=C13)C(=O)C(CN1C=CN=C1C)CC2
D04370,CN1N=C(C(=O)N[C@@H]2C[C@@H]3CCC[C@H](C2)N3C)C2=C1C=CC=C2
D00351,CC(=O)N1CCN(CC1)C1=CC=C(OCC2COC(CN3C=CN=C3)(O2)C2=CC=C(Cl)C=C2Cl)C=C1
D00345,CC1CC2=CC=CC=C2N1NC(=O)C1=CC(=C(Cl)C=C1)S(N)(=O)=O
D00648,CCCCCCCN(CC)CCCC(O)C1=CC=C(NS(C)(=O)=O)C=C1
D00335,CC1=NC=C(N=C1)C(=O)NCCC1=CC=C(C=C1)S(=O)(=O)NC(=O)NC1CCCCC1
D00379,CC1=CC=C(C=C1)S(=O)(=O)NC(=O)NN1CCCCCC1
D00594,CCOC1=C(C=CC(CC(=O)N[C@@H](CC(C)C)C2=CC=CC=C2N2CCCCC2)=C1)C(O)=O
D01111,CC(C)[C@H]1CC[C@@H](CC1)C(=O)N[C@H](CC1=CC=CC=C1)C(O)=O
D00373,CSC1=CC2=C(SC3=CC=CC=C3N2CCC2CCCCN2C)C=C1
D00823,CNCCC(OC1=CC=C(C=C1)C(F)(F)F)C1=CC=CC=C1
D01599,[H][C@@]12CCC[C@]1([H])CN(C2)NC(=O)NS(=O)(=O)C1=CC=C(C)C=C1
D01854,[H][C@@](CC(=O)N1C[C@@]2([H])CCCC[C@@]2([H])C1)(CC1=CC=CC=C1)C(O)=O
D00303,CC(C)N(CCC(C(N)=O)(C1=CC=CC=C1)C1=NC=CC=C1)C(C)C
D00552,CCOC(=O)C1=CC=C(N)C=C1
D02347,[O-][N+](=O)C1=CC=C(C=C1)C1=CC=C(O1)\C=N\N1CC(=O)NC1=O
D00354,NC1=NC(N)=C(N=N1)C1=C(Cl)C(Cl)=CC=C1
D00358,CCN(CC)CC(=O)NC1=C(C)C=CC=C1C
D00504,NC(=O)NC(=O)CC1=CC=CC=C1
D00553,CCCNC(C)C(=O)NC1=CC=CC=C1C
D00708,CCN1C(=O)NC(C1=O)C1=CC=CC=C1
D05077,CCOC(=O)NC1=CC2=C(SC3=CC=CC=C3N2C(=O)CCN2CCOCC2)C=C1
D06172,CC(N)C(=O)NC1=C(C)C=CC=C1C
D00228,ClC1=CC2=C(OC3=CC=CC=C3N=C2N2CCNCC2)C=C1
D00367,OC1(N2CCN=C2C2=CC=CC=C12)C1=CC=C(Cl)C=C1
D01603,CN\C(NCC1=CC=CC=C1)=N/C
D02237,NC(N)=NCCN1CCCCCCC1
D04999,COC(=O)C(C1CCCCN1)C1=CC=CC=C1
D02360,CN[C@H]1CC[C@@H](C2=CC(Cl)=C(Cl)C=C2)C2=CC=CC=C12
D02362,FC1=CC=C(C=C1)[C@@H]1CCNC[C@H]1COC1=CC2=C(OCO2)C=C1
D00319,CCOC(=O)C1=C(C)NC(C)=C(C1C1=C(Cl)C(Cl)=CC=C1)C(=O)OC
D00349,COC(=O)C1=C(C)NC(C)=C(C1C1=CC=CC2=NON=C12)C(=O)OC(C)C
D00438,COCCOC(=O)C1=C(C)NC(C)=C(C1C1=CC(=CC=C1)[N+]([O-])=O)C(=O)OC(C)C
D01108,[Mg++].[O-]S([O-])(=O)=O
D00495,CCC1(C)OC(=O)N(C)C1=O
D00539,CCC1(C)CC(=O)NC1=O
D00392,CN1C(=O)OC(C)(C)C1=O
D00411,COC1=CC(=CC=C1CC1=CN(C)C2=C1C=C(NC(=O)OC1CCCC1)C=C2)C(=O)NS(=O)(=O)C1=CC=CC=C1C
D05129,CCCC1=C2N(CC)C(=CC(=O)C2=CC2=C1OC(=CC2=O)C(O)=O)C(O)=O
D00318,NC(N)=NC1=NC(CSCCC(N)=NS(N)(=O)=O)=CS1
D00113,CN1[C@H]2CC[C@@H]1C[C@@H](C2)OC(=O)C(CO)C1=CC=CC=C1
D00232,[Br-].CCCC(CCC)C(=O)O[C@H]1CC2CCC(C1)[N+]2(C)C
D00397,CCN(CC1=CC=NC=C1)C(=O)C(CO)C1=CC=CC=C1
D00465,CCN(CC)CC#CCOC(=O)C(O)(C1CCCCC1)C1=CC=CC=C1
D00525,CC[C@H]1[C@@H](CC2=CN=CN2C)COC1=O
D00540,C[N+]1(C)CCC(C1)OC(=O)C(O)(C1CCCC1)C1=CC=CC=C1
D00646,CC(C)N(CC[C@H](C1=CC=CC=C1)C1=C(O)C=CC(C)=C1)C(C)C
D00715,[Br-].[H][C@@]12O[C@]1([H])[C@H]1C[C@H](C[C@@H]2[N+]1(C)C)OC(=O)[C@H](CO)C1=CC=CC=C1
D01103,[H][C@]12CC[C@]([H])(C[C@@H](C1)OC(=O)C(O)(C1=CC=CC=C1)C1=CC=CC=C1)[N+]21CCCC1
D01871,CN1CCCC(CC2C3=CC=CC=C3SC3=CC=CC=C23)C1
D02070,[Br-].C[N+]1(C)C2CCC1CC(C2)OC(=O)C(O)C1=CC=CC=C1
D02327,CN(C)CCOC(C)(C1=CC=CC=C1)C1=CC=CC=N1
D02354,CCSC1=CC2=C(SC3=CC=CC=C3N2CCCN2CCN(C)CC2)C=C1
D02361,CCC(=O)C1=CC2=C(SC3=CC=CC=C3N2CC(C)N(C)C)C=C1
D03621,CN1CCN(CC1)C(C1=CC=CC=C1)C1=CC=CC=C1
D03858,OC(CCCN1CCCCC1)(C1=CC=CC=C1)C1=CC=CC=C1
D01699,NC(=O)C([C@@H]1CCN(CCC2=CC3=C(OCC3)C=C2)C1)(C1=CC=CC=C1)C1=CC=CC=C1
D00306,[H][C@@]12C=C(C)CC[C@@]1([H])C(C)(C)OC1=C2C(O)=CC(CCCCC)=C1
D04006,CCCN1C2=C(NC=N2)C(=O)NC1=O
D00255,COC1=CC=CC=C1OCCNCC(O)COC1=CC=CC2=C1C1=CC=CC=C1N2
D00281,ClC1=CC=CC(Cl)=C1NC1=NCCN1
D00426,CC1=C(CCN2CCC(CC2)C2=NOC3=C2C=CC(F)=C3)C(=O)N2CCCCC2=N1
D01713,NC1=NCC2N1C1=CC=CC=C1CC1=CC=CC=C21
D01965,C[C@H](CC1=CC2=C(N(CCCO)CC2)C(=C1)C(N)=O)NCCOC1=CC=CC=C1OCC(F)(F)F
D00095,CNC[C@H](O)C1=CC(O)=C(O)C=C1
D00954,CCC12CCC3C(CCC4=CC(=O)CCC34)C1CCC2(O)C#C
D02910,CCCCC1=C(C(=O)C2=CC(I)=C(OCCN(CC)CC)C(I)=C2)C2=C(O1)C=CC=C2
D00514,C[C@H](C1=CNC=N1)C1=C(C)C(C)=CC=C1
D00613,OC1=CC=C(C=C1)C1CNCCC2=C(Cl)C(O)=C(O)C=C12
D02349,CNCC(O)C1=CC(OC(=O)C(C)(C)C)=C(OC(=O)C(C)(C)C)C=C1
D04375,NC(N)=NN=CC1=C(Cl)C=CC=C1Cl
D00235,CC(C)NCC(O)COC1=CC=C(CC(N)=O)C=C1
D00432,CC(C)(C)NCC(O)COC1=CC=CC2=C1C[C@H](O)[C@H](O)C2
D00645,CC[N+](C)(C)CC1=CC=CC=C1Br
D02338,CCCC(=O)NC1=CC=C(OCC(O)CNC(C)C)C(=C1)C(C)=O
D02358,COCCC1=CC=C(OCC(O)CNC(C)C)C=C1
D02374,CC(C)NCC(O)COC1=C(C)C(C)=C(OC(C)=O)C(C)=C1
D03879,CC(CCC1=CC=C(O)C=C1)NCCC1=CC(O)=C(O)C=C1
D04625,CCC(NC(C)C)C(O)C1=CC(O)=C(O)C=C1
D02147,CC(C)(C)NCC(O)C1=CC(CO)=C(O)C=C1
D02359,C[C@H](NCCC1=CC=C(O)C=C1)[C@H](O)C1=CC=C(O)C=C1
D05792,OCC1=C(O)C=CC(=C1)C(O)CNCCCCCCOCCCCC1=CC=CC=C1
D00059,N[C@@H](CC1=CC(O)=C(O)C=C1)C(O)=O
D00493,CN1CCN(CCCN2C3=CC=CC=C3SC3=C2C=C(Cl)C=C3)CC1
D00790,CN(C)CC\C=C1\C2=CC=CC=C2SC2=CC=C(Cl)C=C12
D00987,[H][C@@]12CC3=CNC4=CC=CC(=C34)[C@@]1([H])C[C@H](CN2CC=C)C(=O)N(CCCN(C)C)C(=O)NCC
D01745,ClC1=CC2=C(C=C1)N(C1CCN(CCCN3C(=O)NC4=CC=CC=C34)CC1)C(=O)N2
D02340,CN1CCN(CC1)C1=NC2=CC=CC=C2OC2=C1C=C(Cl)C=C2
D03165,[H][C@@]12CCCN1C(=O)[C@H](CC(C)C)N1C(=O)[C@](NC(=O)[C@H]3CN(C)[C@]4([H])CC5=C(Br)NC6=CC=CC(=C56)C4=C3)(O[C@@]21O)C(C)C
D00559,CCCN[C@H]1CCC2=C(C1)SC(N)=N2
D00400,CCCCC(=O)N(CC1=CC=C(C=C1)C1=CC=CC=C1C1=NNN=N1)[C@@H](C(C)C)C(O)=O
D00443,[H][C@@]12CC[C@@]3(CCC(=O)O3)[C@@]1(C)CC[C@@]1([H])[C@@]2([H])[C@@]([H])(CC2=CC(=O)CC[C@]12C)SC(C)=O
D00522,CCOC1=NC2=CC=CC(C(O)=O)=C2N1CC1=CC=C(C=C1)C1=CC=CC=C1C1=NN=NN1
D00523,CCCCC1=NC2(CCCC2)C(=O)N1CC1=CC=C(C=C1)C1=CC=CC=C1C1=NNN=N1
D00627,CCCC1=NC2=C(C=C(C=C2C)C2=NC3=CC=CC=C3N2C)N1CC1=CC=C(C=C1)C1=CC=CC=C1C(O)=O
D04040,CCCCC1=NC=C(\C=C(/CC2=CC=CS2)C(O)=O)N1CC1=CC=C(C=C1)C(O)=O
D01227,COC1=CC=CC=C1OC1=C(NS(=O)(=O)C2=CC=C(C=C2)C(C)(C)C)N=C(N=C1OCCO)C1=NC=CC=N1
D01717,C[C@@H]1CN(CC[C@]1(C(O)=O)C1=CC=CC=C1)[C@H]1CC[C@](CC1)(C#N)C1=CC=C(F)C=C1
D00241,NCC(CC(O)=O)C1=CC=C(Cl)C=C1
D00520,CN1C2=C(N=C(Cl)N2)C(=O)N(C)C1=O.CN(C)CCOC(C1=CC=CC=C1)C1=CC=CC=C1
D01324,C(C1CN2CCC1CC2)N1C2=CC=CC=C2SC2=CC=CC=C12
D01782,CC1=CC=C(C=C1)C(=C/CN1CCCC1)\C1=CC=CC=N1
D04979,CN1CCC(CN2C3=CC=CC=C3SC3=CC=CC=C23)C1
D00295,CN\C(NCCSCC1=C(C)NC=N1)=N\C#N
D00422,CNC(NCCSCC1=CC=C(CN(C)C)O1)=C[N+]([O-])=O
D00440,CNC(NCCSCC1=CSC(CN(C)C)=N1)=C[N+]([O-])=O
D00415,CN(C)CCC1=CNC2=CC=C(C[C@H]3COC(=O)N3)C=C12
D00675,CN(C)CCC1=CNC2=C1C=C(CN1C=NC=N1)C=C2
D02357,[H][C@@]12CC3=CN(C)C4=C3C(=CC=C4)C1=C[C@H](CN2C)C(=O)NC(CC)CO
D02578,COC1=CC2=C(C=CC=C2CCNC(C)=O)C=C1
D06056,CCCCCNC(=N)N\N=C\C1=CNC2=C1C=C(OC)C=C2
D05312,COC1=C2O[C@H]3C(=O)CC[C@@]4(O)[C@H]5CC(C=C1)=C2[C@@]34CCN5C
D00837,[H][C@@]12CC3=C(C=C(O)C=C3)[C@]3(CCCC[C@@]13O)CCN2CC1CCC1
D00838,[H][C@@]12CC3=CC=C(O)C=C3[C@@](C)(CCCCC1)[C@H]2N
D00301,CCOC(=O)C1(CCN(CCC(C#N)(C2=CC=CC=C2)C2=CC=CC=C2)CC1)C1=CC=CC=C1
D00498,C[C@H]1[C@H]2CC3=CC=C(O)C=C3[C@]1(C)CCN2CC=C(C)C
D04716,CC[C@H](OC(C)=O)C(C[C@H](C)N(C)C)(C1=CC=CC=C1)C1=CC=CC=C1
D05113,[H][C@@]12OC3=C(O)C=CC4=C3[C@@]11CCN(CC3CC3)[C@]([H])(C4)[C@]1(O)CCC2=O
D05938,CCC(=O)N(C1=CC=CC=C1)C1(COC)CCN(CCC2=CC=CS2)CC1
D00180,CCCCC[C@H](O)\C=C\[C@H]1[C@H](O)CC(=O)[C@@H]1CCCCCCC(O)=O
D00682,NC(CO)(CO)CO.CCCCC[C@](C)(O)\C=C\[C@H]1[C@H](O)C[C@H](O)[C@@H]1C\C=C/CCCC(O)=O
D00419,CCCCC(C)(O)C\C=C\[C@H]1[C@H](O)CC(=O)[C@@H]1CCCCCCC(=O)OC
D00356,CC(C)OC(=O)CCC\C=C/C[C@H]1[C@@H](O)C[C@@H](O)[C@@H]1CC[C@@H](O)CCC1=CC=CC=C1
D01352,NC(CO)(CO)CO.CCCCC[C@H](O)\C=C\[C@H]1[C@H](O)C[C@H](O)[C@@H]1C\C=C/CCCC(O)=O
D01964,CC(C)OC(=O)CCC\C=C/C[C@H]1[C@@H](O)C[C@@H](O)[C@@H]1\C=C\[C@@H](O)COC1=CC=CC(=C1)C(F)(F)F
D00079,CCCCC[C@H](O)\C=C\[C@H]1[C@H](O)CC(=O)[C@@H]1C\C=C/CCCC(O)=O
D00106,[H][C@]12C[C@@H](O)[C@H](\C=C\[C@@H](O)CCCCC)[C@@]1([H])C\C(O2)=C\CCCC(O)=O
D00769,[H][C@@](N1CCC2=C(C1)C=CS2)(C(=O)OC)C1=CC=CC=C1Cl
D00442,[H][C@]1(NC(=O)[C@H](CCCCN)NC(=O)[C@@H](CC2=CNC3=C2C=CC=C3)NC(=O)[C@H](CC2=CC=CC=C2)NC(=O)[C@H](CSSC[C@H](NC1=O)C(=O)N[C@H](CO)[C@@H](C)O)NC(=O)[C@H](N)CC1=CC=CC=C1)[C@@H](C)O
D03442,[H][C@](NC(=O)[C@H](CC1=CC=C(OS(O)(=O)=O)C=C1)NC(=O)[C@H](CC(O)=O)NC(=O)[C@H](CCC(N)=O)NC(=O)[C@@H]1CCC(=O)N1)([C@@H](C)O)C(=O)NCC(=O)N[C@@H](CC1=CNC2=CC=CC=C12)C(=O)N[C@@H](CCSC)C(=O)N[C@@H](CC(O)=O)C(=O)N[C@@H](CC1=CC=CC=C1)C(N)=O
D00066,[H][C@@]12CC[C@H](C(C)=O)[C@@]1(C)CC[C@@]1([H])[C@@]2([H])CCC2=CC(=O)CC[C@]12C
D00067,[H][C@@]12CCC(=O)[C@@]1(C)CC[C@]1([H])C3=C(CC[C@@]21[H])C=C(O)C=C3
D00105,[H][C@@]12CC[C@H](O)[C@@]1(C)CC[C@]1([H])C3=C(CC[C@@]21[H])C=C(O)C=C3
D00327,[H][C@@]12CC[C@](C)(O)[C@@]1(C)C[C@H](O)[C@@]1(F)[C@@]2([H])CCC2=CC(=O)CC[C@]12C
D00554,[H][C@@]12CC[C@@](O)(C#C)[C@@]1(C)CC[C@]1([H])C3=C(CC[C@@]21[H])C=C(O)C=C3
D00898,[H]\C(C)=C(/C(=C(\[H])C)/C1=CC=C(O)C=C1)\C1=CC=C(O)C=C1
D00950,[H][C@@]12CC[C@@](O)(C#C)[C@@]1(CC)CC[C@]1([H])[C@@]3([H])CCC(=O)C=C3CC[C@@]21[H]
D01161,[H][C@@]12CC[C@H](O)[C@@]1(C)CC[C@]1([H])C3=CC=C(O)C=C3C[C@@H](CCCCCCCCCS(=O)CCCC(F)(F)C(F)(F)F)[C@@]21[H]
D01294,[H][C@@]12CC[C@@](OC(C)=O)(C#C)[C@@]1(C)CC[C@]1([H])[C@@]3([H])CC[C@H](OC(C)=O)C=C3CC[C@@]21[H]
D02367,[H][C@@]12CC[C@@](O)(C#C)[C@@]1(CC)CC(=C)[C@]1([H])[C@@]3([H])CCCC=C3CC[C@@]21[H]
D04066,[H][C@@]12CC[C@H](O)[C@@]1(C)CC[C@]1([H])C3=CC=C(OC(=O)N(CCCl)CCCl)C=C3CC[C@@]21[H]
D00088,[H][C@@]12CC[C@](O)(C(=O)CO)[C@@]1(C)C[C@H](O)[C@@]1([H])[C@@]2([H])CCC2=CC(=O)CC[C@]12C
D00246,[H][C@@]12C[C@H]3OC(CCC)O[C@@]3(C(=O)CO)[C@@]1(C)C[C@H](O)[C@@]1([H])[C@@]2([H])CCC2=CC(=O)C=C[C@]12C
D00585,[H][C@@]12CC[C@@](O)(C#CC)[C@@]1(C)C[C@H](C1=CC=C(C=C1)N(C)C)C1=C3CCC(=O)C=C3CC[C@@]21[H]
D01387,[H][C@@]12C[C@H]3OC4(CCCC4)O[C@@]3(C(=O)COC(C)=O)[C@@]1(C)C[C@H](O)[C@@]1(F)[C@@]2([H])CCC2=CC(=O)C=C[C@]12C
D01689,[H][C@@]12CC[C@](OC(=O)OCC)(C(=O)OCCl)[C@@]1(C)C[C@H](O)[C@@]1([H])[C@@]2([H])CCC2=CC(=O)C=C[C@]12C
D00075,[H][C@@]12CC[C@H](O)[C@@]1(C)CC[C@@]1([H])[C@@]2([H])CCC2=CC(=O)CC[C@]12C
D00462,[H][C@@]12CC[C@](C)(O)[C@@]1(C)CC[C@@]1([H])[C@@]2([H])CC[C@@]2([H])CC(=O)OC[C@]12C
D00586,CC(C)C(=O)NC1=CC(=C(C=C1)[N+]([O-])=O)C(F)(F)F
D00956,[H][C@@]12CC[C@H](OC(=O)CCC3=CC=CC=C3)[C@@]1(C)CC[C@]1([H])[C@@]3([H])CCC(=O)C=C3CC[C@@]21[H]
D00961,CC(O)(CS(=O)(=O)C1=CC=C(F)C=C1)C(=O)NC1=CC(=C(C=C1)C#N)C(F)(F)F
D01115,[H][C@@]12CC[C@@]3(CCC(=O)O3)[C@@]1(C)C[C@H]1O[C@@]11[C@@]2([H])[C@@H](CC2=CC(=O)CC[C@]12C)C(=O)OC
D00182,[H][C@@]12CC[C@@](O)(C#C)[C@@]1(C)CC[C@]1([H])[C@@]3([H])CCC(=O)C=C3CC[C@@]21[H]
D00690,[H][C@@]12C[C@@H](C)[C@](OC(=O)C3=CC=CO3)(C(=O)CCl)[C@@]1(C)C[C@H](O)[C@@]1(Cl)[C@@]2([H])CCC2=CC(=O)C=C[C@]12C
D00951,[H][C@@]12CC[C@](OC(C)=O)(C(C)=O)[C@@]1(C)CC[C@@]1([H])[C@@]2([H])C[C@H](C)C2=CC(=O)CC[C@]12C
D01217,[H][C@@]12CC[C@H](C(C)=O)[C@@]1(C)CC[C@]1([H])[C@@]2([H])C=CC2=CC(=O)CC[C@@]12C
D00565,CC(C)OC(=O)C(C)(C)OC1=CC=C(C=C1)C(=O)C1=CC=C(Cl)C=C1
D00316,CCOC(=O)C=C(C)C=CC=C(C)C=CC1=C(C)C(C)=C(OC)C=C1C
D00348,C\C(\C=C\C1=C(C)CCCC1(C)C)=C/C=C/C(/C)=C\C(O)=O
D01132,CCOC(=O)C1=CN=C(C=C1)C#CC1=CC2=C(SCCC2(C)C)C=C1
D00040,[H][C@@]1(CC[C@@]2([H])[C@]3([H])CC=C4C[C@@H](O)CC[C@]4(C)[C@@]3([H])CC[C@]12C)[C@H](C)CCCC(C)C
D00299,CC(C)[C@@H](C)\C=C\[C@@H](C)[C@@]1([H])CC[C@@]2([H])\C(CCC[C@]12C)=C\C=C1/C[C@@H](O)CC[C@@H]1C
D00930,[H][C@@]1(CC[C@@]2([H])\C(CCC[C@]12C)=C\C=C1C[C@@H](O)C[C@H](O)C1)[C@H](C)\C=C\[C@H](C)C(C)(C)O
D00143,[H][C@@]12CC[C@H](C(C)=O)[C@@]1(C)CC[C@@]1([H])[C@@]2([H])CC=C2C[C@@H](O)CC[C@]12C
D00211,CO[C@H]1\C=C\O[C@@]2(C)OC3=C(C2=O)C2=C(O)C(\C=N\N4CCN(C)CC4)=C(NC(=O)\C(C)=C/C=C/[C@H](C)[C@H](O)[C@@H](C)[C@@H](O)[C@@H](C)[C@H](OC(C)=O)[C@@H]1C)C(O)=C2C(O)=C3C
D00506,CCC1(C(=O)NC(=O)NC1=O)C1=CC=CC=C1
D00163,[H][C@@]1(CC[C@@]2([H])[C@]3([H])[C@H](O)C[C@]4([H])C[C@H](O)CC[C@]4(C)[C@@]3([H])CC[C@]12C)[C@H](C)CCC(O)=O
D00002,NC(=O)c1ccc[n+](c1)[C@@H]1O[C@H](COP(O)(=O)OP(O)(=O)OC[C@H]2O[C@H]([C@H](O)[C@@H]2O)n2cnc3c(N)ncnc23)[C@@H](O)[C@H]1O
D02880,Cl.C=12OC(=CC(C1C(=CC(=C2[C@@H]3[C@@H](CN(CC3)C)O)O)O)=O)C4=C(C=CC=C4)Cl
D04023,[H+].[Cl-].COCCOc1cc2ncnc(Nc3cccc(c3)C#C)c2cc1OCCOC
D04028,[C@@]1(OC([C@]1(CCCCCC)[H])=O)(C[C@H](CCCCCCCCCCC)OC([C@@H](NC(=O)[H])CC(C)C)=O)[H]
D01276,[H+].[H+].[O-]S([O-])(=O)=O.COC(=O)N[C@H](C(=O)N[C@@H](Cc1ccccc1)[C@@H](O)CN(Cc1ccc(cc1)-c1ccccn1)NC(=O)[C@@H](NC(=O)OC)C(C)(C)C)C(C)(C)C
D03829,O.O.O.O.CCC(CC)[C@H](NC(C)=O)[C@@H]1[C@H](O)[C@H](C[C@H]1NC(N)=N)C(O)=O
D01198,C=1C=C2C(=CC1OCC(CNCC3=CC=C(C(=C3)OC)OC)O)C=CC(N2)=O
D01690,C(=O)(N1CCN(CC1)C=2C=C3C(=CC2)NC(CC3)=O)C4=CC(OC)=C(C=C4)OC
D01712,CC([O-])=O.C12=C(N(C(=O)N(C1=O)C)C)N=CN2.[Na+]
D02229,OC(=O)CC(O)(CC(O)=O)C(O)=O.CCCc1nn(C)c2c1nc([nH]c2=O)-c1cc(ccc1OCC)S(=O)(=O)N1CCN(C)CC1
D00653,[Cl-].CC[NH2+][C@H]1C[C@H](C)S(=O)(=O)c2sc(cc12)S(N)(=O)=O
D01196,[Na+].CC(=O)Nc1nnc(s1)S([NH-])(=O)=O
D01061,C1(=CC=C2C(=C1)C(=C3C(=N2)C=4N(C3)C(C5=C(C4)[C@](C(OC5)=O)(CC)O)=O)CC)OC(=O)N6CCC(CC6)N7CCCCC7.Cl.O.O.O
D01432,S(=O)(=O)(C)O.O.C=1(C(=CC=2C=3C1CC[C@@H](C3C4=C(N2)C=5N(C4)C(C6=C(C5)[C@](C(OC6)=O)(CC)O)=O)N)F)C.O
D01911,[C@H]1(O[C@@H]2[C@H](C)O[C@@H](O[C@H]3[C@H](C[C@@H](O[C@H]3C)O[C@@H]4C5=C(C=6C(C=7C(=CC=CC7C(=O)C6C=C5[C@H]([C@@](O)(CC)C4)C(=O)OC)O)=O)O)N(C)C)C[C@@H]2O)CCC([C@H](C)O1)=O.Cl
D01840,Cl.C1N(CCNCC1)S(C2=CC=CC3=C2C=CN=C3)(=O)=O
D02451,C1(=CC=C(C=C1)C#N)C2N3C(CCC2)=CN=C3.Cl
D01973,Br.CN1CCC[C@@H]1Cc1c[nH]c2ccc(CCS(=O)(=O)c3ccccc3)cc12
D00459,C1C2=C(C[C@H](N1C([C@@H](N[C@H](C(OCC)=O)CCC=3C=CC=CC3)C)=O)C(O)=O)C=CC=C2.Cl
D00620,C1C=2C(N(C([C@](C1)(N[C@H](C(=O)OCC)CCC3=CC=CC=C3)[H])=O)CC(O)=O)=CC=CC2.Cl
D00621,OC(=O)\C=C/C(O)=O.CCOC(=O)[C@H](CCc1ccccc1)N[C@@H](C)C(=O)N1CCC[C@H]1C(O)=O
D00622,[Na+].[H][C@]1(C[C@H](N(C1)C(=O)CP(=O)(CCCCc1ccccc1)OC(OC(=O)CC)C(C)C)C([O-])=O)C1CCCCC1
D00623,C12=C(C[C@@H](C(O)=O)N(C1)C([C@@H](N[C@@H](CCC=3C=CC=CC3)C(OCC)=O)C)=O)C=C(OC)C(=C2)OC.Cl
D00624,CC(C)(C)N.CCC[C@H](N[C@@H](C)C(=O)N1[C@H]2CCCC[C@H]2C[C@H]1C(O)=O)C(=O)OCC
D01069,C1CC[C@@H](C(N2N1CCC[C@H]2C(=O)O)=O)N[C@H](C(OCC)=O)CCC3=CC=CC=C3.O
D01119,S1C=CC=C1[C@H]2SC[C@H](N[C@@H](CCC3=CC=CC=C3)C(=O)OCC)C(N(C2)CC(=O)O)=O.Cl
D01549,Cl.C1=CC=CC(=C1)CC[C@H](N[C@H](C(N2C(N(C[C@H]2C(O)=O)C)=O)=O)C)C(=O)OCC
D01667,Cl.N(C([C@@H](N[C@H](C(=O)OCC)CCC1=CC=CC=C1)C)=O)(CC(=O)O)C2CC3=C(C=CC=C3)C2
D01900,C([C@@H](CSC(C)=O)C)(=O)N1[C@H](C(N[C@@H](CC2=CC=CC=C2)C(O)=O)=O)CCC1
D03767,[Ca++].C[C@H](CSC(=O)c1ccccc1)C(=O)N1C[C@H](C[C@H]1C([O-])=O)Sc1ccccc1.C[C@H](CSC(=O)c1ccccc1)C(=O)N1C[C@H](C[C@H]1C([O-])=O)Sc1ccccc1
D03773,C1C2=C(C[C@H](N1C([C@@H](N[C@H](C(O)=O)CCC=3C=CC=CC3)C)=O)C(O)=O)C=CC=C2
D03775,C([C@@H](N[C@@H](CCC1=CC=CC=C1)C(O)=O)C)(=O)N2CC3(C[C@H]2C(=O)O)SCCS3
D03776,N[C@@H](CCCNC(N)=N)C(O)=O.C[C@H](CS)C(=O)N1C[C@H](C[C@H]1C(O)=O)Sc1ccccc1
D02194,[Na+].CC1(C)C[C@@H]1C(=O)N\C(C(O)=O)=C/CCCCSC[C@H](N)C([O-])=O
D01918,[Na+].C=1(S(NC=2C=CC=CC2C(=O)NCC([O-])=O)(=O)=O)C=CC(OC(C(C)(C)C)=O)=CC1.O.O.O.O
D01981,[H][C@]1(CCN1C(=O)[C@H](NCC(=O)OCC)C1CCCCC1)C(=O)NCc1ccc(cc1)C(N)=NO
D01844,[Na+].[Na+].[Na+].[Na+].[Na+].[Na+].[Na+].[Na+].[Na+].[Na+].CO[C@H]1O[C@H](COS([O-])(=O)=O)[C@@H](O[C@@H]2O[C@H]([C@@H](O[C@H]3O[C@H](COS([O-])(=O)=O)[C@@H](O[C@@H]4O[C@@H]([C@@H](O[C@H]5O[C@H](COS([O-])(=O)=O)[C@@H](O)[C@H](O)[C@H]5NS([O-])(=O)=O)[C@H](O)[C@H]4O)C(O)=O)[C@H](OS([O-])(=O)=O)[C@H]3NS([O-])(=O)=O)[C@H](O)[C@H]2OS([O-])(=O)=O)C(O)=O)[C@H](O)[C@H]1NS([O-])(=O)=O
D01688,C\C(\C=C1/SC(=S)N(CC(O)=O)C1=O)=C/c1ccccc1
D01715,C1(NC(SC1C2=CC=C(C(OCC)=C2)OCCCCC)=O)=O
D03720,C1(C=C(C2=C(N1C)C=CC(=C2)[C@](C=3C=CC(=CC3)Cl)(C4=CN=CN4C)N)C=5C=C(C=CC5)Cl)=O
D03882,CC1=C(C)C(=O)C(CCCCC#CCCCC#CCO)=C(C)C1=O
D01364,[NH3+]CCO.Cc1cc(C2CCCCC2)n([O-])c(=O)c1
D00885,O[N+]([O-])=O.Clc1ccc(CO\N=C(/Cn2ccnc2)c2ccc(Cl)cc2Cl)c(Cl)c1
D00889,[Na+].COCc1c(nc(C(C)C)c(\C=C\[C@@H](O)C[C@@H](O)CC([O-])=O)c1-c1ccc(F)cc1)C(C)C
D00893,[Na+].[H][C@]12[C@H](C[C@H](O)C=C1C=C[C@H](C)[C@@H]2CC[C@@H](O)C[C@@H](O)CC([O-])=O)OC(=O)[C@@H](C)CC
D01915,[Ca++].CC(C)c1nc(nc(-c2ccc(F)cc2)c1\C=C\[C@@H](O)C[C@@H](O)CC([O-])=O)N(C)S(C)(=O)=O.CC(C)c1nc(nc(-c2ccc(F)cc2)c1\C=C\[C@@H](O)C[C@@H](O)CC([O-])=O)N(C)S(C)(=O)=O
D02258,O.O.O.[Ca++].CC(C)c1c(C(=O)Nc2ccccc2)c(-c2ccccc2)c(-c2ccc(F)cc2)n1CC[C@@H](O)C[C@@H](O)CC([O-])=O.CC(C)c1c(C(=O)Nc2ccccc2)c(-c2ccccc2)c(-c2ccc(F)cc2)n1CC[C@@H](O)C[C@@H](O)CC([O-])=O
D00505,OS(O)(=O)=O.NNCCc1ccccc1
D00785,[Cl-].[H][N+](C)(CC#C)[C@H](C)Cc1ccccc1
D00826,C1(C2=CC=CC=C2)[C@H](N)C1.S(=O)(=O)(O)O.C1(C2=CC=CC=C2)[C@H](N)C1
D01097,C1=C(C=CC(C(NCCN)=O)=N1)Cl.Cl
D01888,C=12OCOC2=CC=C(C1)CCC(NN)C.Cl
D00994,[Cl-].CC[N+](C)(C)c1cccc(O)c1
D00995,[Br-].CN(C)C(=O)Oc1cccc(c1)[N+](C)(C)C
D00998,COS([O-])(=O)=O.CN(C)C(=O)Oc1cccc(c1)[N+](C)(C)C
D03350,C=CC(=O)Nc1cc2c(Nc3ccc(F)c(Cl)c3)ncnc2cc1OCCCN1CCOCC1.Cl.Cl
D04025,FC(F)(F)c1ccc(/C=C/c2nc(COc3ccc(CCCCn4ccnn4)cc3)co2)cc1
D02655,CCOC(=O)c1cnc2c(cnn2CC)c1NN=C(C)C.Cl
D02731,CCCc1nc(C)c2c(=O)nc(-c3cc(S(=O)(=O)N4CCN(CC)CC4)ccc3OCC)[nH]n12.Cl.Cl
D03845,CC(C)CN[C@H]1CCS(=O)(=O)c2sc(S(N)(=O)=O)cc21.Cl
D02168,CC[C@@]1(O)C(=O)OCc2c1cc1n(c2=O)Cc2cc3c(CN(C)C)c(O)ccc3nc2-1.Cl
D03784,Cl.Clc1cccc(C(c2ccc3[nH]cnc3c2)n2ccnc2)c1
D00416,Clc1ccc(COC(Cn2ccnc2)c2ccc(Cl)cc2Cl)c(Cl)c1
D03440,NCCCC[C@H](OP(=O)(O)CCCCc1ccccc1)C(=O)N1CCC[C@H]1C(=O)O
D03758,NCCCC[C@H](N[C@H]1CCc2ccccc2N(CC(=O)O)C1=O)C(=O)O
D03763,C[C@H](CSC(=O)C(C)(C)C)C(=O)N(CC(=O)O)C1CCCC1
D03765,CCOC(=O)[C@H](CCc1ccccc1)N[C@@H](C)C(=O)N1CC2(C[C@H]1C(=O)O)SCCS2.Cl
D00285,COc1cc(Cc2cnc(N)nc2N)cc(OC)c1OC.Cc1cc(NS(=O)(=O)c2ccc(N)cc2)no1
D02487,CC(C)NC(=N)NC(=N)Nc1ccc(Cl)cc1.Cl
D03788,CC(C)(C)C(=O)Oc1ccc(S(=O)(=O)Nc2ccccc2C(=O)NCC(=O)O)cc1
D03722,CN[C@H](Cc1ccccc1)C(=O)N1CCC[C@H]1C(=O)N[C@H](C=O)CCCN=C(N)N.O=S(=O)(O)O
D03728,N=C(N)N1CCC[C@@H](CNC(=O)C[C@H](NS(=O)(=O)c2ccc3ccccc3c2)C(=O)N(CC(=O)O)C2CC2)C1.O
D04029,CN(C)Cc1nccn1-c1ccc(NC(=O)c2cc(C(F)(F)F)nn2-c2ccc3onc(N)c3c2)c(F)c1.Cl
D01842,NC(=O)[C@@H]1C[C@]2(NC(=O)NC2=O)c2cc(F)ccc2O1
D02328,O=C(O)Cc1nn(Cc2nc3cc(C(F)(F)F)ccc3s2)c(=O)c2ccccc12
D02835,O=C([O-])CN1C(=O)c2cccc3cccc(c23)C1=O.[Na+]
D03805,O=C1CC2(C(=O)N1)C(=O)N(Cc1ccc(Br)cc1F)C(=O)c1ccc(F)cc12
D03806,O=C(O)Cc1nn(Cc2ccc(Br)cc2F)c(=O)c2ccccc12
D03807,O=C(O)Cn1c(=O)n(Cc2ccc(Br)cc2F)c(=O)c2ccc(Cl)cc21
D03433,CCCC(=O)O[C@H]1CN2CC[C@H](O)[C@@H]2[C@@H](O)[C@@H]1O.Cl
D00887,CC(C)c1c(C(=O)Nc2ccccc2)c(-c2ccccc2)c(-c2ccc(F)cc2)n1CC[C@@H](O)C[C@@H](O)CC(=O)[O-].CC(C)c1c(C(=O)Nc2ccccc2)c(-c2ccccc2)c(-c2ccc(F)cc2)n1CC[C@@H](O)C[C@@H](O)CC(=O)[O-].[Ca+2]
D00892,CC(C)n1c(/C=C/[C@H](O)C[C@H](O)CC(=O)[O-])c(-c2ccc(F)cc2)c2ccccc21.[Na+]
D03601,CC1CC(OC(=O)[C@@H]2CCC(=O)N2)CC(C)(C)C1
D03816,CCC(C)(C)C(=O)O[C@H]1C[C@@H](C)C=C2C=C[C@H](C)[C@H](CC[C@@H](O)C[C@@H](O)CC(=O)[O-])[C@H]21.CCC(C)(C)C(=O)O[C@H]1C[C@@H](C)C=C2C=C[C@H](C)[C@H](CC[C@@H](O)C[C@@H](O)CC(=O)[O-])[C@H]21.[Ca+2]
D02562,C#CCN[C@@H]1CCc2ccccc21.CS(=O)(=O)O
D02563,COC[C@H]1CN(c2ccc(OCC[C@@H](O)C(F)(F)F)cc2)C(=O)O1
D02564,C#CCN(C)Cc1ccccc1.Cl
D02581,COCC1CN(c2ccc(OCc3cccc(C#N)c3)cc2)C(=O)O1
D03733,Cl.NC/C(=C/F)CCc1ccc(F)cc1
D01001,CC[N+](CC)(CCNC(=O)C(=O)NCC[N+](CC)(CC)Cc1ccccc1Cl)Cc1ccccc1Cl.[Cl-].[Cl-]
D01228,CN(CCCCCCN(C)C(=O)Oc1ccc[n+](C)c1)C(=O)Oc1ccc[n+](C)c1.[Br-].[Br-]
D02068,Cl.Nc1c2c(nc3ccccc13)CCCC2
D02418,CNC(=O)Oc1ccc2c(c1)[C@]1(C)CCN(C)[C@@H]1N2C.O=C(O)c1ccccc1O
D02729,COc1ccc(C(=O)NCc2ccc(OCCN(C)C)cc2)cc1OC.Cl
D03751,O=C(O)/C=C\C(=O)O.O=C1Cc2cc3c(CCC4CCN(Cc5ccccc5)CC4)noc3cc2N1
D03823,CN1CC[C@@]2(C)c3cc(OC(=O)N4CCc5ccccc5C4)ccc3N(C)[C@@H]12
D03826,CNC(=O)Oc1ccc2c(c1)[C@]1(C)CCN(C)[C@@H]1N2C.CNC(=O)Oc1ccc2c(c1)[C@]1(C)CCN(C)[C@@H]1N2C.O=S(=O)(O)O
D00829,Cl.NCCCC(N)(C(=O)O)C(F)F.O
D00103,O=C(O)[C@H](O)[C@@H](O)C(=O)O
D00158,Cc1ccc(C(=O)c2ccc(CC(=O)[O-])n2C)cc1.O.O.[Na+]
D00169,Cc1ccc(Cl)c(Nc2ccccc2C(=O)[O-])c1Cl.O.[Na+]
D00566,O=C([O-])c1ccccc1O.[Na+]
D00813,NC(CO)(CO)CO.O=C(c1ccccc1)c1ccc2n1CCC2C(=O)O
D00827,O.O.O.O.O=C([O-])c1ccccc1O.O=C([O-])c1ccccc1O.[Mg+2]
D00903,O=C([O-])Cc1ccccc1Nc1c(Cl)cccc1Cl.[K+]
D00904,O=C([O-])Cc1ccccc1Nc1c(Cl)cccc1Cl.[Na+]
D00970,COc1ccc2cc([C@H](C)C(=O)[O-])ccc2c1.[Na+]
D01122,CC(C)Cc1ccc(C(C)C(=O)OCc2ccccn2)cc1
D01325,CC(C(=O)O)c1ccc(C(=O)c2ccccc2)s1
D01397,CCOC(=O)OC(C)OC1=C(C(=O)Nc2ccccn2)N(C)S(=O)(=O)c2ccccc21
D01475,CC(=O)OC(C)OC(=O)C(C)c1ccc(-c2ccccc2)c(F)c1
D01565,COc1ccc2c(c1)c(CC(=O)OC/C=C(\C)CC/C=C(\C)CCC=C(C)C)c(C)n2C(=O)c1ccc(Cl)cc1
D01578,CC(C(=O)O)c1ccc2c(c1)Cc1cccnc1O2
D01718,COc1ccc(-c2noc(CC(=O)O)c2-c2ccc(OC)cc2)cc1
D01974,Cc1nc(C2CCCCC2)c(-c2ccc(S(N)(=O)=O)c(F)c2)o1
D02110,COc1ccc2c(c1)c(CC(=O)[O-])c(C)n2C(=O)c1ccc(Cl)cc1.O.O.O.[Na+]
D02290,CC(C(=O)[O-])c1ccc(-c2ccccc2)c(F)c1.O.O.[Na+]
D02350,CC(C(=O)O)c1cccc(Oc2ccccc2)c1
D02355,Cc1ccc(C(=O)c2ccc(CC(=O)O)n2C)cc1
D03716,CCC(=O)NS(=O)(=O)c1ccc(-c2c(-c3ccccc3)noc2C)cc1
D03717,CCC(=O)[N-]S(=O)(=O)c1ccc(-c2c(-c3ccccc3)noc2C)cc1.[Na+]
D03743,CSC[C@H](NC(=O)[C@H](Cc1ccccc1)NC(=O)N1CCOCC1)C(=O)N[C@@H](CC1CCCCC1)[C@@H](O)C(=O)OC(C)C
D03745,CC(C)C[C@H](O)[C@H](O)[C@H](CC1CCCCC1)NC(=O)[C@H](Cc1cscn1)NC(=O)[C@H](Cc1ccccc1)CS(=O)(=O)N1CCN(C)CC1.Cl
D03012,CC(C)c1cc(C(C)C)c(CC(=O)NS(=O)(=O)Oc2c(C(C)C)cccc2C(C)C)c(C(C)C)c1
D03734,CCCCCCN(Cc1ccc(CC(C)(C)C)cc1)C(Nc1cc(C(C)(C)C)c(O)c(C(C)(C)C)c1)=C1C(=O)OC(C)(C)OC1=O
D03735,CCCCCCCN(CCCCCSc1nc(-c2ccccc2)c(-c2ccccc2)[nH]1)C(=O)Nc1ccc(F)cc1F
D02267,O.O.O.O.O.O.O=C([O-])P(=O)([O-])[O-].[Na+].[Na+].[Na+]
D01747,CC(=O)[C@]1(O)Cc2c(O)c3c(c(O)c2[C@@H](O[C@H]2C[C@H](N)[C@H](O)[C@H](C)O2)C1)C(=O)c1ccccc1C3=O.Cl
D02166,Cl.Cl.O=C1c2c(O)ccc(O)c2C(=O)c2c(NCCNCCO)ccc(NCCNCCO)c21
D02333,CO[C@@H]1[C@@H](OC(=O)c2ccc(C)[nH]2)[C@@H](O)[C@H](Oc2ccc3c(O)c(NC(=O)c4c[nH]c(C(=O)Nc5c(O)c6ccc(O[C@@H]7OC(C)(C)[C@H](OC)[C@@H](OC(=O)c8ccc(C)[nH]8)[C@H]7O)c(C)c6oc5=O)c4C)c(=O)oc3c2C)OC1(C)C
D03828,Nc1nc2[nH]cc(CCc3ccc(C(=O)N[C@@H](CCC(=O)[O-])C(=O)[O-])cc3)c2c(=O)[nH]1.[Na+].[Na+]
D00195,COc1ccc2c3c1O[C@H]1[C@@H](O)C=C[C@H]4[C@@H](C2)N(C)CC[C@]314.O
D00611,CNC1(C)C2CCC(C2)C1(C)C.Cl
D02204,C[N+](C)(C)CCCCCC[N+](C)(C)C.[Br-].[Br-]
D02207,COc1cc2c3cc1Oc1cc(ccc1O)C[C@@H]1c4c(cc(OC)c(O)c4Oc4ccc(cc4)C[C@@H]3N(C)CC2)CC[N+]1(C)C.Cl.O.O.O.O.O.[Cl-]
D05453,Cl.c1ccc(C2(N3CCCCC3)CCCCC2)cc1
D00711,CNC1(c2ccccc2Cl)CCCCC1=O.Cl
D03878,C[C@]12N[C@H](Cc3ccccc31)c1ccccc12.O=C(O)/C=C\C(=O)O
D00633,Cl.NCCc1ccc(O)c(O)c1
D00678,Cc1nccn1CC1CCc2c(c3ccccc3n2C)C1=O.Cl.O.O
D02461,CC1(C)S[C@@H]2[C@H](NC(=O)Cc3ccccc3)C(=O)N2[C@H]1C(=O)O.CCN(CC)CCOC(=O)c1ccc(N)cc1.O
D00642,C=C[C@H]1CN2CC[C@H]1C[C@@H]2[C@@H](O)c1ccnc2ccc(OC)cc12.O=C(O)[C@H](O)[C@@H](O)[C@H](O)[C@H](O)CO
D02272,C=C[C@H]1CN2CC[C@H]1C[C@@H]2[C@@H](O)c1ccnc2ccc(OC)cc12.C=C[C@H]1CN2CC[C@H]1C[C@@H]2[C@@H](O)c1ccnc2ccc(OC)cc12.O.O.O=S(=O)(O)O
D00616,COc1ccc([C@@H]2Sc3ccccc3N(CCN(C)C)C(=O)[C@@H]2OC(C)=O)cc1.Cl
D00638,CC(=O)O.O=C(NCC1CCCCN1)c1cc(OCC(F)(F)F)ccc1OCC(F)(F)F
D00619,COc1ccc(CCN(C)CCCC(C#N)(c2ccc(OC)c(OC)c2)C(C)C)cc1OC.Cl
D02261,C=C[C@H]1CN2CC[C@H]1C[C@H]2[C@H](O)c1ccnc2ccc(OC)cc12.Cl.O.O
D02262,C=C[C@H]1CN2CC[C@H]1C[C@H]2[C@H](O)c1ccnc2ccc(OC)cc12.C=C[C@H]1CN2CC[C@H]1C[C@H]2[C@H](O)c1ccnc2ccc(OC)cc12.O.O.O=S(=O)(O)O
D00617,COC(=O)C1=C(C)NC(C)=C(C(=O)OCCN(C)Cc2ccccc2)C1c1cccc([N+](=O)[O-])c1.Cl
D00640,CCCNCC(O)COc1ccccc1C(=O)CCc1ccccc1.Cl
D00636,CCCCc1oc2ccccc2c1C(=O)c1cc(I)c(OCCN(CC)CC)c(I)c1.Cl
D02092,COc1cc(N)c(Cl)cc1C(=O)NC1CCN(CCCOc2ccc(F)cc2)CC1OC.O
D02485,CCCCN(CCCC)CCC(O)c1cc2c(Cl)cc(Cl)cc2c2cc(C(F)(F)F)ccc12.Cl
D00326,CNCCC(Oc1ccc(C(F)(F)F)cc1)c1ccccc1
D00798,CSc1ccc2c(c1)N(CCC1CCCCN1C)c1ccccc1S2.Cl
D01799,O=C(NN1CCCC1)NS(=O)(=O)c1ccc(Cl)cc1
D01575,Cc1cc(N)c2ccccc2[n+]1CCCCCCCCCC[n+]1c(C)cc(N)c2ccccc21.[Cl-].[Cl-]
D00799,CN1CCN(CCCN2c3ccccc3Sc3ccc(C(F)(F)F)cc32)CC1.Cl.Cl
D00809,CN(C)CCC=C1c2ccccc2CCc2ccccc21.Cl
D00480,CC(CN1c2ccccc2Sc2ccccc21)N(C)C.Cl
D00791,Cl.Cl.OCCN1CCN(CCCN2c3ccccc3Sc3ccc(C(F)(F)F)cc32)CC1
D00812,CNCCCN1c2ccccc2CCc2ccccc21.Cl
D00816,CNCCC=C1c2ccccc2CCc2ccccc21.Cl
D01242,CC(CN1c2ccccc2Sc2ccccc21)N(C)C.Cn1c(=O)c2[nH]c(Cl)nc2n(C)c1=O
D03450,O=C(O)CC(O)(CC(=O)O)C(=O)O.O=C(OCCN1CCCCCC1)C(c1ccsc1)C1CCCCC1
D00831,Cl.O[C@@H](c1cc(C(F)(F)F)nc2c(C(F)(F)F)cccc12)[C@H]1CCCCN1
D03037,CN1CCN(CCCCN2C(=O)CN(/N=C/c3ccc(-c4ccc(Cl)cc4)o3)C2=O)CC1.Cl.Cl
D00649,Cl.N=C(N)NC(=O)c1nc(Cl)c(N)nc1N.O.O
D00740,CCN(CC)CCOC(=O)c1ccc(N)cc1.Cl
D01350,CN[C@@H]1[C@H](O[C@H]2[C@H](O[C@@H]3[C@@H](N=C(N)N)[C@H](O)[C@@H](N=C(N)N)[C@H](O)[C@H]3O)O[C@@H](C)[C@]2(O)C=O)O[C@@H](CO)[C@H](O)[C@H]1O.CN[C@@H]1[C@H](O[C@H]2[C@H](O[C@@H]3[C@@H](N=C(N)N)[C@H](O)[C@@H](N=C(N)N)[C@H](O)[C@H]3O)O[C@@H](C)[C@]2(O)C=O)O[C@@H](CO)[C@H](O)[C@H]1O.O=S(=O)(O)O.O=S(=O)(O)O.O=S(=O)(O)O
D00477,CCN(CC)CCNC(=O)c1ccc(N)cc1.Cl
D00639,Cc1cccc(C)c1OCC(C)N.Cl
D00732,CCN(CC)CCOC(=O)c1ccc(N)cc1Cl.Cl
D00735,CCCCOc1ccc(C(=O)CCN2CCCCC2)cc1.Cl
D00738,Cc1cccc(C)c1NC(=O)C1CCCCN1C.Cl
D00739,CCCCOc1ccc(OCCCN2CCOCC2)cc1.Cl
D00741,CCCCNc1ccc(C(=O)OCCN(C)C)cc1.Cl
D01243,CCCNC(C)C(=O)Nc1ccccc1C.Cl
D01287,CCCCN1CCCC[C@H]1C(=O)Nc1c(C)cccc1C.Cl
D02086,CCN(CC)CC(=O)Nc1c(C)cccc1C.Cl
D02087,CCOC(=O)Nc1ccc2c(c1)N(C(=O)CCN1CCOCC1)c1ccccc1S2.Cl
D02088,Cc1cccc(C)c1NC(=O)C(C)N.Cl
D02098,CCCOc1ccc(C(=O)OCCN(CC)CC)cc1N.Cl
D03991,COc1ccc(C(=O)Nc2ccccc2CCC2CCCCN2C)cc1.Cl
D01768,CCCCOc1cc(C(=O)OCCN(CC)CC)ccc1N.Cl
D00607,N=C(N)NCC1COC2(CCCCC2)O1.N=C(N)NCC1COC2(CCCCC2)O1.O=S(=O)(O)O
D00615,CCOC(=O)C1=C(COCCN)NC(C)=C(C(=O)OC)C1c1ccccc1Cl.O=S(=O)(O)c1ccccc1
D02914,CCOC(=O)C1=C(COCCN)NC(C)=C(C(=O)OC)C1c1ccccc1Cl.O=C(O)/C=C\C(=O)O
D05024,COCC(=O)O[C@]1(CCN(C)CCCc2nc3ccccc3[nH]2)CCc2cc(F)ccc2[C@@H]1C(C)C.Cl.Cl
D01969,COc1ccc(CCN(C)CCCC(C#N)(c2cc(OC)c(OC)c(OC)c2)C(C)C)cc1OC.Cl
D02630,OC1(c2ccc(Cl)c(C(F)(F)F)c2)CCN(CCCC(c2ccc(F)cc2)c2ccc(F)cc2)CC1
D00631,CC(C)COCC(CN(Cc1ccccc1)c1ccccc1)N1CCCC1.Cl.O
D01269,O=C(O)CCC(=O)O.O=C(O[C@H]1CN2CCC1CC2)N1CCc2ccccc2[C@@H]1c1ccccc1
D01297,CN1CCN(CC(=O)N2c3ccccc3C(=O)Nc3cccnc32)CC1.Cl.Cl
D03654,NC(=O)C(c1ccccc1)(c1ccccc1)[C@@H]1CCN(CCc2ccc3c(c2)CCO3)C1
D03210,CCO/N=C(\c1ccc(Br)cc1)C1CCN(C2(C)CCN(C(=O)c3c(C)cc[n+]([O-])c3C)CC2)CC1
D02884,CC(C)(N)CO.Cn1c(=O)c2[nH]cnc2n(C)c1=O
D00509,CS(=O)(=O)O.Cc1ccc(N(CC2=NCCN2)c2cccc(O)c2)cc1
D00604,Cl.Clc1cccc(Cl)c1NC1=NCCN1
D00609,COc1cc2nc(N3CCN(C(=O)c4ccco4)CC3)nc(N)c2cc1OC.Cl
D00996,CNC[C@H](O)c1ccc(O)c(O)c1.Cl
D01020,COc1ccc(OC)c(C(O)C(C)N)c1.Cl
D01022,Cc1cc(C(C)(C)C)c(O)c(C)c1CC1=NCCN1.Cl
D01024,CCOc1ccccc1OCCN[C@H](C)Cc1ccc(OC)c(S(N)(=O)=O)c1.Cl
D01051,O=C(CCCN1CCC2(CC1)C(=O)NCN2c1ccccc1)c1ccc(F)cc1
D01358,CN1CCN2c3ccccc3Cc3ccccc3C2C1.Cl
D02149,CNC[C@H](O)c1ccc(O)c(O)c1.O=C(O)[C@H](O)[C@@H](O)C(=O)O
D01692,COc1cc2nc(N(C)CCCNC(=O)C3CCCO3)nc(N)c2cc1OC.Cl
D00606,Cl.N=C(N)NC(=O)Cc1c(Cl)cccc1Cl
D02076,Brc1c(NC2=NCCN2)ccc2nccnc12.O=C(O)[C@H](O)[C@@H](O)C(=O)O
D00483,CC(C)NCC(O)COc1cccc2ccccc12.Cl
D00598,CC(C)NCC(O)COc1ccc(CCOCC2CC2)cc1.Cl
D00601,COCCc1ccc(OCC(O)CNC(C)C)cc1.COCCc1ccc(OCC(O)CNC(C)C)cc1.O=C(O)[C@H](O)[C@@H](O)C(=O)O
D00632,CC(CCc1ccc(O)cc1)NCCc1ccc(O)c(O)c1.Cl
D00635,COCCc1ccc(OCC(O)CNC(C)C)cc1.COCCc1ccc(OCC(O)CNC(C)C)cc1.O=C(O)CCC(=O)O
D01390,CC(C)NCC(O)c1ccc(O)c(O)c1.Cl
D02066,CC(C)NCC(O)c1ccc(O)c(O)c1.CC(C)NCC(O)c1ccc(O)c(O)c1.O.O.O=S(=O)(O)O
D02150,CC(C)NC[C@H](O)c1ccc(O)c(O)c1.Cl
D02614,COc1ccc(CCNC[C@H](O)c2ccc(O)cc2)cc1OC
D03490,CC(C)NCC(O)COc1ccc(OCCOCC2CC2)cc1.Cl
D03880,CC(CCc1ccc(O)cc1)NCCc1ccc(O)c(O)c1.O=C(O)[C@H](O)[C@@H](O)[C@H](O[C@@H]1O[C@H](CO)[C@H](O)[C@H](O)[C@H]1O)[C@H](O)CO
D00683,CC(C)(C)NCC(O)c1ccc(O)c(CO)c1.CC(C)(C)NCC(O)c1ccc(O)c(CO)c1.O=S(=O)(O)O
D00684,CS(=O)(=O)O.Cc1ccc(C(=O)Oc2ccc(C(O)CNC(C)(C)C)cc2OC(=O)c2ccc(C)cc2)cc1
D00687,O=C(O)c1ccc2ccccc2c1O.OCc1cc(C(O)CNCCCCCCOCCCCc2ccccc2)ccc1O
D00688,CC(C)(C)NCC(O)c1cc(O)cc(O)c1.CC(C)(C)NCC(O)c1cc(O)cc(O)c1.O=S(=O)(O)O
D01386,CN[C@@H](C)[C@H](O)c1ccccc1.Cl
D01462,CCN(CC)C(=O)N[C@H]1C=C2c3cccc4[nH]cc(c34)C[C@H]2N(C)C1.O=C(O)/C=C\C(=O)O
D02082,CCCCc1ncc(/C=C(\Cc2cccs2)C(=O)O)n1Cc1ccc(C(=O)O)cc1.CS(=O)(=O)O
D05246,CCCc1nc(C(C)(C)O)c(C(=O)O)n1Cc1ccc(-c2ccccc2-c2nnn[nH]2)cc1
D01126,Cl.N=C(N)NCCC[C@H](N)C(=O)O
D02278,CC(=O)O.NCCCC[C@H](N)C(=O)O
D02279,Cl.NCCCC[C@H](N)C(=O)O
D03966,N[C@@]1(C(=O)O)CC[C@H]2[C@H](C(=O)O)[C@H]21.O
D00665,CN(C)CCC(c1ccc(Cl)cc1)c1ccccn1.O=C(O)/C=C\C(=O)O
D00673,CN/C(=C\[N+](=O)[O-])NCCSCc1ccc(CN(C)C)o1.Cl
D03503,CN/C(=N\CCSCc1nc[nH]c1C)NC#N.Cl
D00676,CNS(=O)(=O)Cc1ccc2[nH]cc(CCN(C)C)c2c1.O=C(O)CCC(=O)O
D02826,Cl.Cl.c1ccc2c(c1)CC[C@H](CNCCCNC1=NCCCN1)O2
D05740,CN(C)CCc1c[nH]c2ccc(Cn3cncn3)cc12.CN(C)CCc1c[nH]c2ccc(Cn3cncn3)cc12.O.O=S(=O)(O)O
D00674,CNS(=O)(=O)CCc1ccc2[nH]cc(C3CCN(C)CC3)c2c1.Cl
D06396,COc1cc(N)c(Cl)cc1C(=O)NC1CCN2CCCC1C2
D00845,CCC(=O)N(c1ccccc1)C1(COC)CCN(CCc2cccs2)CC1.O=C(O)CC(O)(CC(=O)O)C(=O)O
D01236,Cc1nc2c([nH]1)CCN(C(=O)c1ccc(NC(=O)c3ccccc3-c3ccccc3)cc1)c1ccccc1-2.Cl
D01652,Cc1nnc2n1-c1sc(CCC(=O)N3CCOCC3)cc1C(c1ccccc1Cl)=NC2
D02721,CC#CCC(C)[C@H](O)/C=C/[C@@H]1[C@H]2C/C(=C/CCCC(=O)O)C[C@H]2C[C@H]1O
D02725,CS(=O)(=O)NC(=O)CCC/C=C\C[C@H]1C(=O)C[C@@H](O)[C@@H]1/C=C/[C@@H](O)COc1ccccc1
D03187,CCCC1([C@H](O)C/C=C/[C@H]2[C@H](O)CC(=O)[C@@H]2CCCCCCC(=O)OC)CCC1
D01891,COC(=O)CCC=C=CC[C@H]1C(=O)C[C@@H](O)[C@@H]1/C=C/[C@@H](O)COc1ccccc1
D03642,O=C(O)Cc1ccc(CCNS(=O)(=O)c2ccc(Cl)cc2)cc1
D00312,C[C@]12CC[C@@H]3c4ccc(OS(=O)(=O)[O-])cc4CC[C@H]3[C@@H]1CCC2=O.[Na+]
D00962,CCN(CC)CCOc1ccc(/C(=C(/Cl)c2ccccc2)c2ccccc2)cc1.O=C(O)CC(O)(CC(=O)O)C(=O)O
D02217,Cl.O=C(c1ccc(OCCN2CCCCC2)cc1)c1c(-c2ccc(O)cc2)sc2cc(O)ccc12
D00730,CCCCOC(=O)c1ccc(N)cc1
D02042,C[C@H](CN1C(=O)C2=C(C=C(C=C2)C(=O)OC)N=C1SCC(=O)N)O
D03260,CC1=C(OC2=C1C=C(C=C2)OC)C(=O)NC3=CC(=NN3C)C(C)(C)C
D03115,CC(=O)NC1=C(C=CC(=C1)C(=O)COC(=O)C2=CC3=C(CCC3)C=C2)O
D03778,CC(C)C(C)NC(=O)CSC1=CC=C(C=C1)[N+](=O)[O-]
D03781,CCOC1=CC=CC2=C1OC(=C2)C(C)NC(=O)CNC(=O)CC34CC5CC(C3)CC(C5)C4
D03787,CC1=CC(=CC(=C1)N2C=CN=C2SCC(=O)N(C)CCC#N)C
D03756,CCCN1C(=NN=N1)COC2=C(C=C(C=C2[N+](=O)[O-])C)C
D03760,C1CC(CN(C1)C2=C(C=C(C=C2)[N+](=O)[O-])Cl)O
D02115,CC1=C(C=C(C=C1)S(=O)(=O)C)C(=O)OCC(=O)N[C@H]2CCCC3=CC=CC=C23
D03803,CN(CC1=CC=C(C=C1)OC)C(=O)NC2=CN=CC=C2
D03643,C1CN(C2=CC=CC=C21)C(=O)C3=CC=C(C=C3)N4C=NN=N4
D02173,CC1=C(C=C(C=C1)S(=O)(=O)C)C(=O)OCC(=O)C2=C(C=CC(=C2)F)OC
D02558,C1=CC=NC(=C1)CCNC(=O)CCC2=NC(=NO2)C3=CC=C(C=C3)F
D01984,CN(CC(=O)OCN1C(=O)C2=CC=CC=C2N=N1)S(=O)(=O)C3=CC=C(C=C3)F
D00324,C1=CC=C(C=C1)/C=C/CC(=S)C(=O)O
D01709,C1CSC2=C(C=C(C=C2)C(=O)OCC(=O)NC3=CC=CC=C3F)NC1=O
D01765,C1CSC2=C(C=C(C=C2)C(=O)OCC(=O)C3=CC=CC=C3F)NC1=O
D03741,C1COCCN1CCCNC(=O)C2=CC=C(C=C2)C3SCCS3
D01264,COC1=CC2=C(C=C1)C(=CC(=O)O2)COC(=O)C3=CC4=C(C=C3)SCCC(=O)N4
D01275,CC1=C(C=C(O1)COC(=O)C2=CC3=C(C=C2)SCCC(=O)N3)C(=O)OC
D02214,CC1=C(C=C(C=C1)S(=O)(=O)C)C(=O)OCC(=O)N(C)C
D01211,CC1=C(C2=CC=CC=C2N1)C(=O)[C@H](C)OC(=O)CCC(C)C
D01453,COC1=C(C=C(C=C1)[N+](=O)[O-])NC(=O)COC2=CC(=CC(=C2)Cl)Cl
D02409,CC1=C(C=C(C=C1)S(=O)(=O)C)C(=O)O[C@@H](C)C(=O)NC2=CC3=C(C=C2)OCO3
D02101,C[C@H](CN1C(=O)C2=C(C=C(C=C2)C(=O)OC)N=C1SCCSC)O
D05156,CC(C)(C)NC(=O)CS(=O)(=O)CC1=NN=NN1C2CC2
D00759,CNC(=O)NC(=O)CSC1=C(C=CC=C1Cl)Cl
D00677,C1=CC(=CC=C1C2=CC=C(S2)C(=O)OCC(=O)NC3=C(C=CS3)C#N)Cl
D02041,CC1=C(C=C(C=C1)S(=O)(=O)C)C(=O)OCC(=O)NC(=O)NCCC2=CCCCC2
D02253,COC(=O)C1=CC2=C(C=C1)C(=O)N(C(=N2)S[C@@H]3CCOC3=O)C[C@H]4CCCO4
D05461,CCS(=O)(=O)C(C)C(=O)NC1=CC(=C(C=C1)C)F
D02546,C1=CC(=CC(=C1)NC(=O)C2=CC3=C(C=C2)N=CS3)C(=O)N
D03830,C1=CC=C2C(=C1)C(=CN2)CC(=O)NC3=CC=CC=C3OC(F)(F)F
D01450,C[C@@H](C(=O)NCCC1=CC=C(C=C1)F)OC(=O)C2=CC3=C(C=C2)SCCC(=O)N3
D01448,C[C@H](C(=O)NC1=CC=CC=C1[N+](=O)[O-])OC(=O)C2=CC3=C(C=C2)SCCC(=O)N3
D02234,CC1=C(C=C(C=C1)S(=O)(=O)C)C(=O)OCC(=O)NCC2=CC(=CC=C2)OC
D03274,CCN(CC)C(=O)C1=CC(=CC=C1)NC(=O)C2=CC(=CC=C2)F
D04034,CCC1=CC=C(S1)CNC(=O)NC2=C(C=C(C=C2)Br)F
D02163,CC1=C(C=C(C=C1)S(=O)(=O)C)C(=O)OCC(=O)NNC(=O)C2=CC=CC=C2
D04048,CCC1=CC=C(S1)CNC(=O)NC2=CC(=CC=C2)I
D01454,CN(C)C(=O)C1=CC=C(C=C1)NC(=O)COC2=CC(=CC(=C2)Cl)Cl
D03415,CCC(C(=O)NC1=NOC(=C1)C)OC2=CC=C(C=C2)SC
D03881,CCC1(C(=O)N(C(=O)N1)CC(=O)NC(C)(C)CC)C2=CC=C(C=C2)OC
D00780,C1COCCN1C(=O)COC(=O)C2=CC=C(S2)C3=CC=C(C=C3)Cl
D00666,C1=CC=C(C=C1)C(=O)NNC(=O)COC(=O)C2=CC=C(S2)C3=CC=C(C=C3)Cl
D01994,C[C@H](CN1C(=O)C2=C(C=C(C=C2)C(=O)OC)N=C1S[C@H](C)C#N)O
D02250,CC(=O)CSC1=NC2=C(C=CC(=C2)C(=O)OC)C(=O)N1C[C@H]3CCCO3
D01925,C[C@@H](CN1C(=O)C2=C(C=C(C=C2)C(=O)OC)N=C1SCC(=O)NCCOC)O
D02007,CC1=CC(=C(C=C1)C)CSC2=NC3=C(C=CC(=C3)C(=O)OC)C(=O)N2C[C@H](C)O
D02588,C1C(=O)NC2=C(S1)C=CC(=C2)C(=O)NC3=CC=CC=C3O
